[{
    "model": "room.category",
    "pk": 7,
    "fields": {
      "private_metadata": {},
      "metadata": {},
      "seo_title": "",
      "seo_description": "",
      "name": "Accessories",
      "slug": "accessories",
      "description": "",
      "description_json": {
        "blocks": [{
          "data": {
            "text": ""
          },
          "type": "paragraph"
        }]
      },
      "parent": null,
      "background_image": "category-backgrounds/accessories_8AEdvHR.jpg",
      "background_image_alt": "",
      "lft": 1,
      "rght": 8,
      "tree_id": 1,
      "level": 0
    }
  },
  {
    "model": "room.category",
    "pk": 8,
    "fields": {
      "private_metadata": {},
      "metadata": {},
      "seo_title": "",
      "seo_description": "",
      "name": "Groceries",
      "slug": "groceries",
      "description": "",
      "description_json": {
        "blocks": [{
          "data": {
            "text": ""
          },
          "type": "paragraph"
        }]
      },
      "parent": null,
      "background_image": "category-backgrounds/groceries_CFNOYEO.jpg",
      "background_image_alt": "",
      "lft": 1,
      "rght": 6,
      "tree_id": 2,
      "level": 0
    }
  },
  {
    "model": "room.category",
    "pk": 9,
    "fields": {
      "private_metadata": {},
      "metadata": {},
      "seo_title": "",
      "seo_description": "",
      "name": "Apparel",
      "slug": "apparel",
      "description": "",
      "description_json": {
        "blocks": [{
          "data": {
            "text": ""
          },
          "type": "paragraph"
        }]
      },
      "parent": null,
      "background_image": "category-backgrounds/apparel_j1eQDeZ.jpg",
      "background_image_alt": "",
      "lft": 1,
      "rght": 10,
      "tree_id": 3,
      "level": 0
    }
  },
  {
    "model": "room.category",
    "pk": 10,
    "fields": {
      "private_metadata": {},
      "metadata": {},
      "seo_title": "",
      "seo_description": "",
      "name": "T-shirts",
      "slug": "t-shirts",
      "description": "",
      "description_json": {},
      "parent": 9,
      "background_image": "category-backgrounds/apparel_aQjIlZr.jpg",
      "background_image_alt": "",
      "lft": 2,
      "rght": 3,
      "tree_id": 3,
      "level": 1
    }
  },
  {
    "model": "room.category",
    "pk": 11,
    "fields": {
      "private_metadata": {},
      "metadata": {},
      "seo_title": "",
      "seo_description": "",
      "name": "Polo Shirts",
      "slug": "polo-shirts",
      "description": "",
      "description_json": {},
      "parent": 9,
      "background_image": "category-backgrounds/apparel_HuImTaR.jpg",
      "background_image_alt": "",
      "lft": 4,
      "rght": 5,
      "tree_id": 3,
      "level": 1
    }
  },
  {
    "model": "room.category",
    "pk": 12,
    "fields": {
      "private_metadata": {},
      "metadata": {},
      "seo_title": "",
      "seo_description": "",
      "name": "Hoodies",
      "slug": "hoodies",
      "description": "",
      "description_json": {},
      "parent": 9,
      "background_image": "category-backgrounds/apparel_6ziH1ON.jpg",
      "background_image_alt": "",
      "lft": 6,
      "rght": 7,
      "tree_id": 3,
      "level": 1
    }
  },
  {
    "model": "room.category",
    "pk": 13,
    "fields": {
      "private_metadata": {},
      "metadata": {},
      "seo_title": "",
      "seo_description": "",
      "name": "Footwear",
      "slug": "footwear",
      "description": "",
      "description_json": {},
      "parent": 9,
      "background_image": "category-backgrounds/apparel_awJisre.jpg",
      "background_image_alt": "",
      "lft": 8,
      "rght": 9,
      "tree_id": 3,
      "level": 1
    }
  },
  {
    "model": "room.category",
    "pk": 14,
    "fields": {
      "private_metadata": {},
      "metadata": {},
      "seo_title": "",
      "seo_description": "",
      "name": "Juices",
      "slug": "juices",
      "description": "",
      "description_json": {},
      "parent": 8,
      "background_image": "category-backgrounds/groceries_k5IaCqp.jpg",
      "background_image_alt": "",
      "lft": 2,
      "rght": 3,
      "tree_id": 2,
      "level": 1
    }
  },
  {
    "model": "room.category",
    "pk": 15,
    "fields": {
      "private_metadata": {},
      "metadata": {},
      "seo_title": "",
      "seo_description": "",
      "name": "Alcohol",
      "slug": "alcohol",
      "description": "",
      "description_json": {},
      "parent": 8,
      "background_image": "category-backgrounds/groceries_f5xedIS.jpg",
      "background_image_alt": "",
      "lft": 4,
      "rght": 5,
      "tree_id": 2,
      "level": 1
    }
  },
  {
    "model": "room.category",
    "pk": 20,
    "fields": {
      "private_metadata": {},
      "metadata": {},
      "seo_title": "",
      "seo_description": "",
      "name": "Paints",
      "slug": "paints",
      "description": "",
      "description_json": {},
      "parent": 7,
      "background_image": "category-backgrounds/accessories_HMorc9P.jpg",
      "background_image_alt": "",
      "lft": 2,
      "rght": 3,
      "tree_id": 1,
      "level": 1
    }
  },
  {
    "model": "room.category",
    "pk": 22,
    "fields": {
      "private_metadata": {},
      "metadata": {},
      "seo_title": "",
      "seo_description": "",
      "name": "Homewares",
      "slug": "homewares",
      "description": "",
      "description_json": {},
      "parent": 7,
      "background_image": "category-backgrounds/accessories_tDJUL1J.jpg",
      "background_image_alt": "",
      "lft": 4,
      "rght": 5,
      "tree_id": 1,
      "level": 1
    }
  },
  {
    "model": "room.category",
    "pk": 23,
    "fields": {
      "private_metadata": {},
      "metadata": {},
      "seo_title": "",
      "seo_description": "",
      "name": "Audiobooks",
      "slug": "ebooks",
      "description": "",
      "description_json": {
        "blocks": [{
          "data": {
            "text": ""
          },
          "type": "paragraph"
        }]
      },
      "parent": 7,
      "background_image": "",
      "background_image_alt": "",
      "lft": 6,
      "rght": 7,
      "tree_id": 1,
      "level": 1
    }
  },
  {
    "model": "room.roomtype",
    "pk": 7,
    "fields": {
      "private_metadata": {},
      "metadata": {
        "vatlayer.code": "standard",
        "vatlayer.description": "standard"
      },
      "name": "Paint",
      "slug": "paint",
      "has_variants": true,
      "is_shipping_required": true,
      "is_digital": false,
      "weight": "1.0:kg"
    }
  },
  {
    "model": "room.roomtype",
    "pk": 8,
    "fields": {
      "private_metadata": {},
      "metadata": {
        "vatlayer.code": "standard",
        "vatlayer.description": "standard"
      },
      "name": "Music",
      "slug": "music",
      "has_variants": true,
      "is_shipping_required": true,
      "is_digital": false,
      "weight": "0.2:kg"
    }
  },
  {
    "model": "room.roomtype",
    "pk": 9,
    "fields": {
      "private_metadata": {},
      "metadata": {
        "vatlayer.code": "standard",
        "vatlayer.description": "standard"
      },
      "name": "Juice",
      "slug": "juice",
      "has_variants": true,
      "is_shipping_required": true,
      "is_digital": false,
      "weight": "1.0:kg"
    }
  },
  {
    "model": "room.roomtype",
    "pk": 10,
    "fields": {
      "private_metadata": {},
      "metadata": {
        "vatlayer.code": "standard",
        "vatlayer.description": "standard"
      },
      "name": "Wine",
      "slug": "wine",
      "has_variants": false,
      "is_shipping_required": true,
      "is_digital": false,
      "weight": "1.0:kg"
    }
  },
  {
    "model": "room.roomtype",
    "pk": 11,
    "fields": {
      "private_metadata": {},
      "metadata": {
        "vatlayer.code": "standard",
        "vatlayer.description": "standard"
      },
      "name": "Beer",
      "slug": "beer",
      "has_variants": false,
      "is_shipping_required": true,
      "is_digital": false,
      "weight": "1.0:kg"
    }
  },
  {
    "model": "room.roomtype",
    "pk": 12,
    "fields": {
      "private_metadata": {},
      "metadata": {
        "vatlayer.code": "standard",
        "vatlayer.description": "standard"
      },
      "name": "Cushion",
      "slug": "cushion",
      "has_variants": true,
      "is_shipping_required": true,
      "is_digital": false,
      "weight": "0.5:kg"
    }
  },
  {
    "model": "room.roomtype",
    "pk": 13,
    "fields": {
      "private_metadata": {},
      "metadata": {
        "vatlayer.code": "standard",
        "vatlayer.description": "standard"
      },
      "name": "Shoe",
      "slug": "shoe",
      "has_variants": true,
      "is_shipping_required": true,
      "is_digital": false,
      "weight": "1.0:kg"
    }
  },
  {
    "model": "room.roomtype",
    "pk": 14,
    "fields": {
      "private_metadata": {},
      "metadata": {
        "vatlayer.code": "standard",
        "vatlayer.description": "standard"
      },
      "name": "Top (clothing)",
      "slug": "top-clothing",
      "has_variants": true,
      "is_shipping_required": true,
      "is_digital": false,
      "weight": "1.0:kg"
    }
  },
  {
    "model": "room.roomtype",
    "pk": 15,
    "fields": {
      "private_metadata": {},
      "metadata": {},
      "name": "Audiobook",
      "slug": "e-book",
      "has_variants": true,
      "is_shipping_required": false,
      "is_digital": true,
      "weight": "0.0:kg"
    }
  },
  {
    "model": "room.room",
    "pk": 61,
    "fields": {
      "private_metadata": {},
      "metadata": {
        "taxes": {
          "vatlayer": {
            "code": "standard",
            "description": "standard"
          }
        }
      },
      "seo_title": "",
      "seo_description": "Tonight, my love, let us take fat brushes and paint the skies with the shades of nebula tides. Get the dark, moody shades of the ether.",
      "room_type": 7,
      "name": "Nebula Night Sky Paint",
      "slug": "nebula-night-sky-paint",
      "description": "Tonight, my love, let us take fat brushes and paint the skies with the shades of nebula tides. Get the dark, moody shades of the ether.",
      "description_json": {
        "blocks": [{
          "data": {
            "text": "Tonight, my love, let us take fat brushes and paint the skies with the shades of nebula tides. Get the dark, moody shades of the ether."
          },
          "type": "paragraph"
        }]
      },
      "category": 20,
      "updated_at": "2020-08-31T06:53:16.102Z",
      "charge_taxes": true,
      "weight": "0.0:kg"
    }
  },
  {
    "model": "room.room",
    "pk": 62,
    "fields": {
      "private_metadata": {},
      "metadata": {
        "vatlayer.code": "standard",
        "vatlayer.description": "standard"
      },
      "seo_title": "",
      "seo_description": "The rich, deep hue of space dust. Vacuum packed and airlocked for long-lasting freshness of color.",
      "room_type": 7,
      "name": "Space Dust Navy Paint",
      "slug": "space-dust-navy-paint",
      "description": "The rich, deep hue of space dust. Vacuum packed and airlocked for long-lasting freshness of color.",
      "description_json": {
        "blocks": [{
          "data": {
            "text": "The rich, deep hue of space dust. Vacuum packed and airlocked for long-lasting freshness of color."
          },
          "type": "paragraph"
        }]
      },
      "category": 20,
      "updated_at": "2020-08-31T06:53:16.307Z",
      "charge_taxes": true,
      "weight": "1.0:kg"
    }
  },
  {
    "model": "room.room",
    "pk": 63,
    "fields": {
      "private_metadata": {},
      "metadata": {
        "vatlayer.code": "standard",
        "vatlayer.description": "standard"
      },
      "seo_title": "",
      "seo_description": "",
      "room_type": 7,
      "name": "Red Dwarf Red Paint",
      "slug": "red-dwarf-red-paint",
      "description": "We are all connected to the universe, because every cell in our bodies was cooked in the hearts of dying stars. Red Dwarf Paint: the color of Carl Sagan’s dreams.",
      "description_json": {
        "blocks": [{
          "data": {
            "text": "We are all connected to the universe, because every cell in our bodies was cooked in the hearts of dying stars. Red Dwarf Paint: the color of Carl Sagan’s dreams."
          },
          "type": "paragraph"
        }]
      },
      "category": 20,
      "updated_at": "2020-08-31T06:53:29.317Z",
      "charge_taxes": true,
      "weight": "0.0:kg"
    }
  },
  {
    "model": "room.room",
    "pk": 64,
    "fields": {
      "private_metadata": {},
      "metadata": {
        "vatlayer.code": "standard",
        "vatlayer.description": "standard"
      },
      "seo_title": "",
      "seo_description": "There is life in outer space. This vibrant light speed yellow paint brings life to any surface. Goes on easy and dries at light speed.",
      "room_type": 7,
      "name": "Light Speed Yellow Paint",
      "slug": "light-speed-yellow-paint",
      "description": "There is life in outer space. This vibrant light speed yellow paint brings life to any surface. Goes on easy and dries at light speed.",
      "description_json": {
        "blocks": [{
          "data": {
            "text": "There is life in outer space. This vibrant light speed yellow paint brings life to any surface. Goes on easy and dries at light speed."
          },
          "type": "paragraph"
        }]
      },
      "category": 20,
      "updated_at": "2020-08-31T06:53:29.548Z",
      "charge_taxes": true,
      "weight": "0.0:kg"
    }
  },
  {
    "model": "room.room",
    "pk": 65,
    "fields": {
      "private_metadata": {},
      "metadata": {
        "vatlayer.code": "standard",
        "vatlayer.description": "standard"
      },
      "seo_title": "",
      "seo_description": "Turquoise is the new black. No more gloomy night skies, brighten up your evenings with hyperspace paint.",
      "room_type": 7,
      "name": "Hyperspace Turquoise Paint",
      "slug": "hyperspace-turquoise-paint",
      "description": "Turquoise is the new black. No more gloomy night skies, brighten up your evenings with hyperspace paint.",
      "description_json": {
        "blocks": [{
          "data": {
            "text": "Turquoise is the new black. No more gloomy night skies, brighten up your evenings with hyperspace paint."
          },
          "type": "paragraph"
        }]
      },
      "category": 20,
      "updated_at": "2020-08-31T06:53:29.787Z",
      "charge_taxes": true,
      "weight": "1.0:kg"
    }
  },
  {
    "model": "room.room",
    "pk": 71,
    "fields": {
      "private_metadata": {},
      "metadata": {
        "vatlayer.code": "standard",
        "vatlayer.description": "standard"
      },
      "seo_title": "",
      "seo_description": "Fell from a tree straight into the bottle. No additives, no preservatives, just the refreshing taste of pure sun-kissed Californian oranges.",
      "room_type": 9,
      "name": "Orange Juice",
      "slug": "orange-juice",
      "description": "Fell from a tree straight into the bottle. No additives, no preservatives, just the refreshing taste of pure sun-kissed Californian oranges.",
      "description_json": {
        "blocks": [{
          "data": {
            "text": "Fell from a tree straight into the bottle. No additives, no preservatives, just the refreshing taste of pure sun-kissed Californian oranges."
          },
          "type": "paragraph"
        }]
      },
      "category": 14,
      "updated_at": "2020-08-31T06:53:17.155Z",
      "charge_taxes": true,
      "weight": "1.0:kg"
    }
  },
  {
    "model": "room.room",
    "pk": 72,
    "fields": {
      "private_metadata": {},
      "metadata": {
        "vatlayer.code": "standard",
        "vatlayer.description": "standard"
      },
      "seo_title": "",
      "seo_description": "Fell straight from the tree, on to Newton’s head, then into the bottle. The autumn taste of English apples. Brought to you by gravity.",
      "room_type": 9,
      "name": "Apple Juice",
      "slug": "apple-juice",
      "description": "Fell straight from the tree, on to Newton’s head, then into the bottle. The autumn taste of English apples. Brought to you by gravity.",
      "description_json": {
        "blocks": [{
          "data": {
            "text": "Fell straight from the tree, on to Newton’s head, then into the bottle. The autumn taste of English apples. Brought to you by gravity."
          },
          "type": "paragraph"
        }]
      },
      "category": 14,
      "updated_at": "2020-08-31T06:53:17.312Z",
      "charge_taxes": true,
      "weight": "1.0:kg"
    }
  },
  {
    "model": "room.room",
    "pk": 73,
    "fields": {
      "private_metadata": {},
      "metadata": {
        "vatlayer.code": "standard",
        "vatlayer.description": "standard"
      },
      "seo_title": "",
      "seo_description": "Improve your eyesight the natural way with 100% pure, squeezed carrot juice. The sweet, orange nectar of Mother Earth.",
      "room_type": 9,
      "name": "Carrot Juice",
      "slug": "carrot-juice",
      "description": "Improve your eyesight the natural way with 100% pure, squeezed carrot juice. The sweet, orange nectar of Mother Earth.",
      "description_json": {
        "blocks": [{
          "data": {
            "text": "Improve your eyesight the natural way with 100% pure, squeezed carrot juice. The sweet, orange nectar of Mother Earth."
          },
          "type": "paragraph"
        }]
      },
      "category": 14,
      "updated_at": "2020-08-31T06:53:17.473Z",
      "charge_taxes": true,
      "weight": "1.0:kg"
    }
  },
  {
    "model": "room.room",
    "pk": 74,
    "fields": {
      "private_metadata": {},
      "metadata": {
        "vatlayer.code": "standard",
        "vatlayer.description": "standard"
      },
      "seo_title": "",
      "seo_description": "Build your protein the natural way, with exotic banana juice made from ripe fruit and packed with all the goodness of the tropical sun.",
      "room_type": 9,
      "name": "Banana Juice",
      "slug": "banana-juice",
      "description": "Build your protein the natural way, with exotic banana juice made from ripe fruit and packed with all the goodness of the tropical sun.",
      "description_json": {
        "blocks": [{
          "data": {
            "text": "Build your protein the natural way, with exotic banana juice made from ripe fruit and packed with all the goodness of the tropical sun."
          },
          "type": "paragraph"
        }]
      },
      "category": 14,
      "updated_at": "2020-08-31T06:53:17.630Z",
      "charge_taxes": true,
      "weight": "1.0:kg"
    }
  },
  {
    "model": "room.room",
    "pk": 75,
    "fields": {
      "private_metadata": {},
      "metadata": {
        "vatlayer.code": "standard",
        "vatlayer.description": "standard"
      },
      "seo_title": "",
      "seo_description": "I can’t stand pineapples, so this one is not for me. They have a weird, fluffy, tangy taste. But if it is your kind of thing, then knock yourself out.",
      "room_type": 9,
      "name": "Pineapple Juice",
      "slug": "pineapple-juice",
      "description": "I can’t stand pineapples, so this one is not for me. They have a weird, fluffy, tangy taste. But if it is your kind of thing, then knock yourself out.",
      "description_json": {
        "blocks": [{
          "data": {
            "text": "I can’t stand pineapples, so this one is not for me. They have a weird, fluffy, tangy taste. But if it is your kind of thing, then knock yourself out."
          },
          "type": "paragraph"
        }]
      },
      "category": 14,
      "updated_at": "2020-08-31T06:53:17.782Z",
      "charge_taxes": true,
      "weight": "1.0:kg"
    }
  },
  {
    "model": "room.room",
    "pk": 76,
    "fields": {
      "private_metadata": {},
      "metadata": {
        "vatlayer.code": "standard",
        "vatlayer.description": "standard"
      },
      "seo_title": "",
      "seo_description": "Did you know falling coconuts kill 150 people a year? But did you know that coconut juice is the new superfood? You win some, you lose some.",
      "room_type": 9,
      "name": "Coconut Juice",
      "slug": "coconut-juice",
      "description": "Did you know falling coconuts kill 150 people a year? But did you know that coconut juice is the new superfood? You win some, you lose some.",
      "description_json": {
        "blocks": [{
          "data": {
            "text": "Did you know falling coconuts kill 150 people a year? But did you know that coconut juice is the new superfood? You win some, you lose some."
          },
          "type": "paragraph"
        }]
      },
      "category": 14,
      "updated_at": "2020-08-31T06:53:31.827Z",
      "charge_taxes": true,
      "weight": "1.0:kg"
    }
  },
  {
    "model": "room.room",
    "pk": 77,
    "fields": {
      "private_metadata": {},
      "metadata": {
        "vatlayer.code": "standard",
        "vatlayer.description": "standard"
      },
      "seo_title": "",
      "seo_description": "Is it a bird? Is it a plane? No! It’s some jacked dude who just sucked down a bottle of our brand new power juice! Look at him go!",
      "room_type": 9,
      "name": "Power Juice",
      "slug": "power-juice",
      "description": "Is it a bird? Is a plane? No! It’s some jacked dude who just sucked down a bottle of our brand new power juice! Look at him go!",
      "description_json": {
        "blocks": [{
          "data": {
            "text": "Is it a bird? Is a plane? No! It’s some jacked dude who just sucked down a bottle of our brand new power juice! Look at him go!"
          },
          "type": "paragraph"
        }]
      },
      "category": 14,
      "updated_at": "2020-08-31T06:53:18.105Z",
      "charge_taxes": true,
      "weight": "1.0:kg"
    }
  },
  {
    "model": "room.room",
    "pk": 78,
    "fields": {
      "private_metadata": {},
      "metadata": {
        "vatlayer.code": "standard",
        "vatlayer.description": "standard"
      },
      "seo_title": "",
      "seo_description": "Brussel sprouts, spinach, peas, kale, lettuce, cabbage, zucchini, more brussel sprouts. All the greens you’ll ever need in one delicious juice.",
      "room_type": 9,
      "name": "Green Juice",
      "slug": "green-juice",
      "description": "Brussel sprouts, spinach, peas, kale, lettuce, cabbage, zucchini, more brussel sprouts. All the greens you’ll ever need in one delicious juice.",
      "description_json": {
        "blocks": [{
          "data": {
            "text": "Brussel sprouts, spinach, peas, kale, lettuce, cabbage, zucchini, more brussel sprouts. All the greens you’ll ever need in one delicious juice."
          },
          "type": "paragraph"
        }]
      },
      "category": 14,
      "updated_at": "2020-08-31T06:53:32.287Z",
      "charge_taxes": true,
      "weight": "1.0:kg"
    }
  },
  {
    "model": "room.room",
    "pk": 79,
    "fields": {
      "private_metadata": {},
      "metadata": {
        "vatlayer.code": "standard",
        "vatlayer.description": "standard"
      },
      "seo_title": "",
      "seo_description": "Bean there, drunk that! The energy drink for the health-conscious. Brand new bean juice; from allotment to bottle in under 8 hours.",
      "room_type": 9,
      "name": "Bean Juice",
      "slug": "bean-juice",
      "description": "Bean there, drunk that! The energy drink for the health-conscious. Brand new bean juice; from allotment to bottle in under 8 hours.",
      "description_json": {
        "blocks": [{
          "data": {
            "text": "Bean there, drunk that! The energy drink for the health-conscious. Brand new bean juice; from allotment to bottle in under 8 hours."
          },
          "type": "paragraph"
        }]
      },
      "category": 14,
      "updated_at": "2020-08-31T06:53:18.411Z",
      "charge_taxes": true,
      "weight": "1.0:kg"
    }
  },
  {
    "model": "room.room",
    "pk": 81,
    "fields": {
      "private_metadata": {},
      "metadata": {
        "vatlayer.code": "standard",
        "vatlayer.description": "standard"
      },
      "seo_title": "",
      "seo_description": "A fine, mature red with a hint of blackberry, an undertone of the alkaline Burgundy soil, a delicate aftertaste of burnt garlic, and a whole lot of grapes.",
      "room_type": 10,
      "name": "Red Wine",
      "slug": "red-wine",
      "description": "A fine, mature red with a hint of blackberry, an undertone of the alkaline Burgundy soil, a delicate aftertaste of burnt garlic, and a whole lot of grapes.",
      "description_json": {
        "blocks": [{
          "data": {
            "text": "A fine, mature red with a hint of blackberry, an undertone of the alkaline Burgundy soil, a delicate aftertaste of burnt garlic, and a whole lot of grapes."
          },
          "type": "paragraph"
        }]
      },
      "category": 15,
      "updated_at": "2020-08-31T06:53:18.558Z",
      "charge_taxes": true,
      "weight": "0.0:kg"
    }
  },
  {
    "model": "room.room",
    "pk": 82,
    "fields": {
      "private_metadata": {},
      "metadata": {
        "vatlayer.code": "standard",
        "vatlayer.description": "standard"
      },
      "seo_title": "",
      "seo_description": "Watch the slow setting sun of a wild summer evening sink into the horizon as you sip white wine that tastes like bittersweet memories of halcyon days.",
      "room_type": 10,
      "name": "White Wine",
      "slug": "white-wine",
      "description": "Watch the slow setting sun of a wild summer evening sink into the horizon as you sip white wine that tastes like bittersweet memories of halcyon days.",
      "description_json": {
        "blocks": [{
          "data": {
            "text": "Watch the slow setting sun of a wild summer evening sink into the horizon as you sip white wine that tastes like bittersweet memories of halcyon days."
          },
          "type": "paragraph"
        }]
      },
      "category": 15,
      "updated_at": "2020-08-31T06:53:30.364Z",
      "charge_taxes": true,
      "weight": "0.0:kg"
    }
  },
  {
    "model": "room.room",
    "pk": 83,
    "fields": {
      "private_metadata": {},
      "metadata": {
        "vatlayer.code": "standard",
        "vatlayer.description": "standard"
      },
      "seo_title": "",
      "seo_description": "Find your sea legs and then lose the power to use them with extra strong seaman’s lager. Don’t drink and sail, me hearties!",
      "room_type": 11,
      "name": "Seaman Lager",
      "slug": "seaman-lager",
      "description": "Find your sea legs and then lose the power to use them with extra strong seaman’s lager. Don’t drink and sail, me hearties!",
      "description_json": {
        "blocks": [{
          "data": {
            "text": "Find your sea legs and then lose the power to use them with extra strong seaman’s lager. Don’t drink and sail, me hearties!"
          },
          "type": "paragraph"
        }]
      },
      "category": 15,
      "updated_at": "2020-08-31T06:53:18.900Z",
      "charge_taxes": true,
      "weight": "1.0:kg"
    }
  },
  {
    "model": "room.room",
    "pk": 84,
    "fields": {
      "private_metadata": {},
      "metadata": {
        "vatlayer.code": "standard",
        "vatlayer.description": "standard"
      },
      "seo_title": "",
      "seo_description": "Best beer on the seven seas. A dark ale for when the dark clouds gather overhead. The nutty nautical taste that sailors love.",
      "room_type": 11,
      "name": "Seaman Beer",
      "slug": "seaman-beer",
      "description": "Best beer on the seven seas. A dark ale for when the dark clouds gather overhead. The nutty nautical taste that sailors love.",
      "description_json": {
        "blocks": [{
          "data": {
            "text": "Best beer on the seven seas. A dark ale for when the dark clouds gather overhead. The nutty nautical taste that sailors love."
          },
          "type": "paragraph"
        }]
      },
      "category": 15,
      "updated_at": "2020-08-31T06:53:30.527Z",
      "charge_taxes": true,
      "weight": "1.0:kg"
    }
  },
  {
    "model": "room.room",
    "pk": 85,
    "fields": {
      "private_metadata": {},
      "metadata": {
        "vatlayer.code": "standard",
        "vatlayer.description": "standard"
      },
      "seo_title": "",
      "seo_description": "Add a little color to your life with a Saleor parrot cushion. Turns any old sofa into a rainbow of classy interior design.",
      "room_type": 12,
      "name": "Colored Parrot Cushion",
      "slug": "colored-parrot-cushion",
      "description": "Add a little color to your life with a Saleor parrot cushion. Turns any old sofa into a rainbow of classy interior design.",
      "description_json": {
        "blocks": [{
          "data": {
            "text": "Add a little color to your life with a Saleor parrot cushion. Turns any old sofa into a rainbow of classy interior design."
          },
          "type": "paragraph"
        }]
      },
      "category": 22,
      "updated_at": "2020-08-31T06:53:30.677Z",
      "charge_taxes": true,
      "weight": "0.0:kg"
    }
  },
  {
    "model": "room.room",
    "pk": 86,
    "fields": {
      "private_metadata": {},
      "metadata": {
        "vatlayer.code": "standard",
        "vatlayer.description": "standard"
      },
      "seo_title": "",
      "seo_description": "Minimalist interiors need simple, sleek soft furnishings. Don’t parrot what others do, set your own monochrome trends with Saleor designs.",
      "room_type": 12,
      "name": "White Parrot Cushion",
      "slug": "white-parrot-cushion",
      "description": "Minimalist interiors need simple, sleek soft furnishings. Don’t parrot what others do, set your own monochrome trends with Saleor designs.",
      "description_json": {
        "blocks": [{
          "data": {
            "text": "Minimalist interiors need simple, sleek soft furnishings. Don’t parrot what others do, set your own monochrome trends with Saleor designs."
          },
          "type": "paragraph"
        }]
      },
      "category": 22,
      "updated_at": "2020-08-31T06:53:20.430Z",
      "charge_taxes": true,
      "weight": "0.0:kg"
    }
  },
  {
    "model": "room.room",
    "pk": 87,
    "fields": {
      "private_metadata": {},
      "metadata": {
        "vatlayer.code": "standard",
        "vatlayer.description": "standard"
      },
      "seo_title": "",
      "seo_description": "Mellow yellow. Step into summer with Saleor. Every time your head goes down, you see these beauties, and your mood bounces right back up.",
      "room_type": 13,
      "name": "Yellow Plimsolls",
      "slug": "yellow-plimsolls",
      "description": "Mellow yellow. Step into summer with Saleor. Every time your head goes down, you see these beauties, and your mood bounces right back up.",
      "description_json": {
        "blocks": [{
          "data": {
            "text": "Mellow yellow. Step into summer with Saleor. Every time your head goes down, you see these beauties, and your mood bounces right back up."
          },
          "type": "paragraph"
        }]
      },
      "category": 13,
      "updated_at": "2020-08-31T06:53:32.761Z",
      "charge_taxes": true,
      "weight": "0.0:kg"
    }
  },
  {
    "model": "room.room",
    "pk": 88,
    "fields": {
      "private_metadata": {},
      "metadata": {
        "vatlayer.code": "standard",
        "vatlayer.description": "standard"
      },
      "seo_title": "",
      "seo_description": "PE at school wouldn’t have been such a drag with these on your feet. Slip on the style and stride tall with Saleor branded plimsolls. PE now stands for pretty elegant.",
      "room_type": 13,
      "name": "White Plimsolls",
      "slug": "white-plimsolls",
      "description": "PE at school wouldn’t have been such a drag with these on your feet. Slip on the style and stride tall with Saleor branded plimsolls. PE now stands for pretty elegant.",
      "description_json": {
        "blocks": [{
          "data": {
            "text": "PE at school wouldn’t have been such a drag with these on your feet. Slip on the style and stride tall with Saleor branded plimsolls. PE now stands for pretty elegant."
          },
          "type": "paragraph"
        }]
      },
      "category": 13,
      "updated_at": "2020-08-31T06:53:33.172Z",
      "charge_taxes": true,
      "weight": "1.0:kg"
    }
  },
  {
    "model": "room.room",
    "pk": 89,
    "fields": {
      "private_metadata": {},
      "metadata": {
        "vatlayer.code": "standard",
        "vatlayer.description": "standard"
      },
      "seo_title": "",
      "seo_description": "Pay homage to the music and art of Joy Division and Peter Saville, but with a Mirumee twist. Perfect live transmission apparel for dead souls.",
      "room_type": 14,
      "name": "Code Division T-shirt",
      "slug": "code-division-t-shirt",
      "description": "Pay homage to the music and art of a Joy Division and Peter Saville, but with a Mirumee twist. Perfect live transmission apparel for dead souls.",
      "description_json": {
        "blocks": [{
          "data": {
            "text": "Pay homage to the music and art of a Joy Division and Peter Saville, but with a Mirumee twist. Perfect live transmission apparel for dead souls."
          },
          "type": "paragraph"
        }]
      },
      "category": 10,
      "updated_at": "2020-08-31T06:53:33.473Z",
      "charge_taxes": true,
      "weight": "0.0:kg"
    }
  },
  {
    "model": "room.room",
    "pk": 107,
    "fields": {
      "private_metadata": {},
      "metadata": {
        "vatlayer.code": "standard",
        "vatlayer.description": "standard"
      },
      "seo_title": "",
      "seo_description": "Ever have those days where you feel a bit geometric? Can't quite shape yourself up right? Show your different sides with a Saleor styles.",
      "room_type": 14,
      "name": "Polo Shirt",
      "slug": "polo-shirt",
      "description": "Ever have those days where you feel a bit geometric? Can't quite shape yourself up right? Show your different sides with a Saleor styles.",
      "description_json": {
        "blocks": [{
          "data": {
            "text": "Ever have those days where you feel a bit geometric? Can't quite shape yourself up right? Show your different sides with a Saleor styles."
          },
          "type": "paragraph"
        }]
      },
      "category": 11,
      "updated_at": "2020-08-31T06:53:22.365Z",
      "charge_taxes": true,
      "weight": "0.0:kg"
    }
  },
  {
    "model": "room.room",
    "pk": 108,
    "fields": {
      "private_metadata": {},
      "metadata": {
        "vatlayer.code": "standard",
        "vatlayer.description": "standard"
      },
      "seo_title": "",
      "seo_description": "Polo? Yolo… so don’t waste time on the wrong apparel. Choose a polo shirt that looks as good as you feel.",
      "room_type": 14,
      "name": "Polo Shirt",
      "slug": "polo-shirt-2",
      "description": "Polo? Yolo… so don’t waste time on the wrong apparel. Choose a polo shirt that looks as good as you feel.",
      "description_json": {
        "blocks": [{
          "data": {
            "text": "Polo? Yolo… so don’t waste time on the wrong apparel. Choose a polo shirt that looks as good as you feel."
          },
          "type": "paragraph"
        }]
      },
      "category": 11,
      "updated_at": "2020-08-31T06:53:34.274Z",
      "charge_taxes": true,
      "weight": "0.0:kg"
    }
  },
  {
    "model": "room.room",
    "pk": 109,
    "fields": {
      "private_metadata": {},
      "metadata": {
        "vatlayer.code": "standard",
        "vatlayer.description": "standard"
      },
      "seo_title": "",
      "seo_description": "Wondering if this will look as good on you as it does on the screen? The answer is yes. A quality polo with smart styling.",
      "room_type": 14,
      "name": "Polo Shirt",
      "slug": "polo-shirt-3",
      "description": "Wondering if this will look as good on you as it does on the screen? The answer is yes. A quality polo with smart styling.",
      "description_json": {
        "blocks": [{
          "data": {
            "text": "Wondering if this will look as good on you as it does on the screen? The answer is yes. A quality polo with smart styling."
          },
          "type": "paragraph"
        }]
      },
      "category": 11,
      "updated_at": "2020-08-31T06:53:22.900Z",
      "charge_taxes": true,
      "weight": "0.0:kg"
    }
  },
  {
    "model": "room.room",
    "pk": 110,
    "fields": {
      "private_metadata": {},
      "metadata": {
        "vatlayer.code": "standard",
        "vatlayer.description": "standard"
      },
      "seo_title": "",
      "seo_description": "They say polo is the sport of kings. Or was that stamp collecting? Either way, this shirt is fit for a king of Saturday night.",
      "room_type": 14,
      "name": "Polo Shirt",
      "slug": "polo-shirt-4",
      "description": "They say polo is the sport of kings. Or was that stamp collecting? Either way, this shirt is fit for a king of Saturday night.",
      "description_json": {
        "blocks": [{
          "data": {
            "text": "They say polo is the sport of kings. Or was that stamp collecting? Either way, this shirt is fit for a king of Saturday night."
          },
          "type": "paragraph"
        }]
      },
      "category": 11,
      "updated_at": "2020-08-31T06:53:35.075Z",
      "charge_taxes": true,
      "weight": "0.0:kg"
    }
  },
  {
    "model": "room.room",
    "pk": 111,
    "fields": {
      "private_metadata": {},
      "metadata": {
        "vatlayer.code": "standard",
        "vatlayer.description": "standard"
      },
      "seo_title": "",
      "seo_description": "One style fits all. Get a look that works even when you are taking it easy. Relaxed wear for the masses.",
      "room_type": 14,
      "name": "T-shirt",
      "slug": "t-shirt-2",
      "description": "One style fits all. Get a look that works even when you are taking it easy. Relaxed wear for the masses.",
      "description_json": {
        "blocks": [{
          "data": {
            "text": "One style fits all. Get a look that works even when you are taking it easy. Relaxed wear for the masses."
          },
          "type": "paragraph"
        }]
      },
      "category": 10,
      "updated_at": "2020-08-31T06:53:35.478Z",
      "charge_taxes": true,
      "weight": "0.0:kg"
    }
  },
  {
    "model": "room.room",
    "pk": 112,
    "fields": {
      "private_metadata": {},
      "metadata": {
        "vatlayer.code": "standard",
        "vatlayer.description": "standard"
      },
      "seo_title": "",
      "seo_description": "A classic tee for a timeless look, at a great price. Feel like a million bucks without breaking the bank.",
      "room_type": 14,
      "name": "T-shirt",
      "slug": "t-shirt",
      "description": "A classic tee for a timeless look, at a great price. Feel like a million bucks without breaking the bank.",
      "description_json": {
        "blocks": [{
          "data": {
            "text": "A classic tee for a timeless look, at a great price. Feel like a million bucks without breaking the bank."
          },
          "type": "paragraph"
        }]
      },
      "category": 10,
      "updated_at": "2020-08-31T06:53:24.137Z",
      "charge_taxes": true,
      "weight": "0.0:kg"
    }
  },
  {
    "model": "room.room",
    "pk": 113,
    "fields": {
      "private_metadata": {},
      "metadata": {
        "vatlayer.code": "standard",
        "vatlayer.description": "standard"
      },
      "seo_title": "",
      "seo_description": "Want to look like you just fell out of bed? Sometimes style can be effortless. Throw it on get on with having a good day.",
      "room_type": 14,
      "name": "T-shirt",
      "slug": "t-shirt-4",
      "description": "Want to look like you just fell out of bed? Sometimes style can be effortless. Throw it on get on with having a good day.",
      "description_json": {
        "blocks": [{
          "data": {
            "text": "Want to look like you just fell out of bed? Sometimes style can be effortless. Throw it on get on with having a good day."
          },
          "type": "paragraph"
        }]
      },
      "category": 10,
      "updated_at": "2020-08-31T06:53:36.267Z",
      "charge_taxes": true,
      "weight": "0.0:kg"
    }
  },
  {
    "model": "room.room",
    "pk": 114,
    "fields": {
      "private_metadata": {},
      "metadata": {
        "vatlayer.code": "standard",
        "vatlayer.description": "standard"
      },
      "seo_title": "",
      "seo_description": "Your t-shirt is your second skin. It’s the version of you that you show to the world. Wear one that flows with your movements and is built to last.",
      "room_type": 14,
      "name": "T-shirt",
      "slug": "t-shirt-3",
      "description": "Your t-shirt is your second skin. It’s the version of you that you show to the world. Wear one that flows with your movements and is built to last.",
      "description_json": {
        "blocks": [{
          "data": {
            "text": "Your t-shirt is your second skin. It’s the version of you that you show to the world. Wear one that flows with your movements and is built to last."
          },
          "type": "paragraph"
        }]
      },
      "category": 10,
      "updated_at": "2020-08-31T06:53:36.707Z",
      "charge_taxes": true,
      "weight": "0.0:kg"
    }
  },
  {
    "model": "room.room",
    "pk": 115,
    "fields": {
      "private_metadata": {},
      "metadata": {
        "vatlayer.code": "standard",
        "vatlayer.description": "standard"
      },
      "seo_title": "",
      "seo_description": "Special offer. Buy a hood and get a free jet black sweater attached. Perfect for when you are up to no good.",
      "room_type": 14,
      "name": "Black Hoodie",
      "slug": "black-hoodie",
      "description": "Special offer. Buy a hood and get a free jet black sweater attached. Perfect for when you are up to no good.",
      "description_json": {
        "blocks": [{
          "data": {
            "text": "Special offer. Buy a hood and get a free jet black sweater attached. Perfect for when you are up to no good."
          },
          "type": "paragraph"
        }]
      },
      "category": 12,
      "updated_at": "2020-08-31T06:53:25.468Z",
      "charge_taxes": true,
      "weight": "0.0:kg"
    }
  },
  {
    "model": "room.room",
    "pk": 116,
    "fields": {
      "private_metadata": {},
      "metadata": {
        "vatlayer.code": "standard",
        "vatlayer.description": "standard"
      },
      "seo_title": "",
      "seo_description": "Special offer. Buy a superhero blue sweater and get a free hood attached. Ideal for when you are out saving the world.",
      "room_type": 14,
      "name": "Blue Hoodie",
      "slug": "blue-hoodie",
      "description": "Special offer. Buy a superhero blue sweater and get a free hood attached. Ideal for when you are out saving the world.",
      "description_json": {
        "blocks": [{
          "data": {
            "text": "Special offer. Buy a superhero blue sweater and get a free hood attached. Ideal for when you are out saving the world."
          },
          "type": "paragraph"
        }]
      },
      "category": 12,
      "updated_at": "2020-08-31T06:53:25.725Z",
      "charge_taxes": true,
      "weight": "0.0:kg"
    }
  },
  {
    "model": "room.room",
    "pk": 117,
    "fields": {
      "private_metadata": {},
      "metadata": {
        "vatlayer.code": "standard",
        "vatlayer.description": "standard"
      },
      "seo_title": "",
      "seo_description": "Who dunnit? It was Colonel Mustard, in the dining room, with the lead piping, wearing this hot as mustard hoodie.",
      "room_type": 14,
      "name": "Mustard Hoodie",
      "slug": "mustard-hoodie",
      "description": "Who dunnit? It was Colonel Mustard, in the dining room, with the lead piping, wearing this hot as mustard hoodie.",
      "description_json": {
        "blocks": [{
          "data": {
            "text": "Who dunnit? It was Colonel Mustard, in the dining room, with the lead piping, wearing this hot as mustard hoodie."
          },
          "type": "paragraph"
        }]
      },
      "category": 12,
      "updated_at": "2020-08-31T06:53:37.920Z",
      "charge_taxes": true,
      "weight": "0.0:kg"
    }
  },
  {
    "model": "room.room",
    "pk": 118,
    "fields": {
      "private_metadata": {},
      "metadata": {
        "vatlayer.code": "standard",
        "vatlayer.description": "standard"
      },
      "seo_title": "",
      "seo_description": "Get your slouch on and be seen with a whiter than white hoodie straight from the streets. Relaxed stylin’ and profilin’ with flair.",
      "room_type": 14,
      "name": "White Hoodie",
      "slug": "white-hoodie",
      "description": "Get your slouch on and be seen with a whiter than white hoodie straight from the streets. Relaxed stylin’ and profilin’ with flair.",
      "description_json": {
        "blocks": [{
          "data": {
            "text": "Get your slouch on and be seen with a whiter than white hoodie straight from the streets. Relaxed stylin’ and profilin’ with flair."
          },
          "type": "paragraph"
        }]
      },
      "category": 12,
      "updated_at": "2020-08-31T06:53:26.266Z",
      "charge_taxes": true,
      "weight": "0.0:kg"
    }
  },
  {
    "model": "room.room",
    "pk": 119,
    "fields": {
      "private_metadata": {},
      "metadata": {},
      "seo_title": "",
      "seo_description": "",
      "room_type": 15,
      "name": "Sea Lullabies",
      "slug": "sea-lullabies",
      "description": "",
      "description_json": {
        "blocks": [{
          "data": {
            "text": "Sea Lullabies by Digital Audio."
          },
          "type": "paragraph"
        }]
      },
      "category": 23,
      "updated_at": "2020-08-31T06:53:27.068Z",
      "charge_taxes": false,
      "weight": "0.0:kg"
    }
  },
  {
    "model": "room.room",
    "pk": 120,
    "fields": {
      "private_metadata": {},
      "metadata": {},
      "seo_title": "",
      "seo_description": "",
      "room_type": 15,
      "name": "Lake Tunes",
      "slug": "lake-tunes",
      "description": "",
      "description_json": {
        "blocks": [{
          "data": {
            "text": "Lake Tunes by Digital Audio."
          },
          "type": "paragraph"
        }]
      },
      "category": 23,
      "updated_at": "2020-08-31T06:53:27.344Z",
      "charge_taxes": false,
      "weight": "0.0:kg"
    }
  },
  {
    "model": "room.room",
    "pk": 121,
    "fields": {
      "private_metadata": {},
      "metadata": {},
      "seo_title": "",
      "seo_description": "",
      "room_type": 15,
      "name": "Ocean Poems",
      "slug": "ocean-poems",
      "description": "",
      "description_json": {
        "blocks": [{
          "data": {
            "text": "Ocean Poems by Digital Audio."
          },
          "type": "paragraph"
        }]
      },
      "category": 23,
      "updated_at": "2020-08-31T06:53:27.611Z",
      "charge_taxes": false,
      "weight": "0.0:kg"
    }
  },
  {
    "model": "room.room",
    "pk": 122,
    "fields": {
      "private_metadata": {},
      "metadata": {},
      "seo_title": "",
      "seo_description": "",
      "room_type": 15,
      "name": "Bathroom Songs",
      "slug": "bathroom-songs",
      "description": "",
      "description_json": {
        "blocks": [{
          "data": {
            "text": "Bathroom Songs by Digital Audio."
          },
          "type": "paragraph"
        }]
      },
      "category": 23,
      "updated_at": "2020-08-31T06:53:27.873Z",
      "charge_taxes": false,
      "weight": "0.0:kg"
    }
  },
  {
    "model": "room.room",
    "pk": 123,
    "fields": {
      "private_metadata": {},
      "metadata": {},
      "seo_title": "",
      "seo_description": "",
      "room_type": 15,
      "name": "Lagoon Chants",
      "slug": "lagoon-chants",
      "description": "",
      "description_json": {
        "blocks": [{
          "data": {
            "text": "Lagoon Chants by Digital Audio."
          },
          "type": "paragraph"
        }]
      },
      "category": 23,
      "updated_at": "2020-08-31T06:53:28.105Z",
      "charge_taxes": false,
      "weight": "0.0:kg"
    }
  },
  {
    "model": "room.room",
    "pk": 124,
    "fields": {
      "private_metadata": {},
      "metadata": {},
      "seo_title": "",
      "seo_description": "",
      "room_type": 15,
      "name": "Waterfall Ballads",
      "slug": "waterfall-ballads",
      "description": "",
      "description_json": {
        "blocks": [{
          "data": {
            "text": "Waterfall Ballads by Digital Audio."
          },
          "type": "paragraph"
        }]
      },
      "category": 23,
      "updated_at": "2020-08-31T06:53:28.398Z",
      "charge_taxes": false,
      "weight": "0.0:kg"
    }
  },
  {
    "model": "room.roomchannellisting",
    "pk": 1,
    "fields": {
      "publication_date": "2020-01-01",
      "is_published": true,
      "room": 72,
      "channel": 1,
      "visible_in_listings": true,
      "available_for_purchase": "2020-08-31",
      "currency": "USD"
    }
  },
  {
    "model": "room.roomchannellisting",
    "pk": 2,
    "fields": {
      "publication_date": "2020-01-01",
      "is_published": true,
      "room": 74,
      "channel": 1,
      "visible_in_listings": true,
      "available_for_purchase": "2020-08-31",
      "currency": "USD"
    }
  },
  {
    "model": "room.roomchannellisting",
    "pk": 3,
    "fields": {
      "publication_date": "2020-01-01",
      "is_published": true,
      "room": 122,
      "channel": 1,
      "visible_in_listings": false,
      "available_for_purchase": "2020-08-31",
      "currency": "USD"
    }
  },
  {
    "model": "room.roomchannellisting",
    "pk": 4,
    "fields": {
      "publication_date": "2020-01-01",
      "is_published": true,
      "room": 79,
      "channel": 1,
      "visible_in_listings": true,
      "available_for_purchase": "2020-08-31",
      "currency": "USD"
    }
  },
  {
    "model": "room.roomchannellisting",
    "pk": 5,
    "fields": {
      "publication_date": "2020-01-01",
      "is_published": true,
      "room": 115,
      "channel": 1,
      "visible_in_listings": true,
      "available_for_purchase": "2020-08-31",
      "currency": "USD"
    }
  },
  {
    "model": "room.roomchannellisting",
    "pk": 6,
    "fields": {
      "publication_date": "2020-01-01",
      "is_published": true,
      "room": 116,
      "channel": 1,
      "visible_in_listings": true,
      "available_for_purchase": "2020-08-31",
      "currency": "USD"
    }
  },
  {
    "model": "room.roomchannellisting",
    "pk": 7,
    "fields": {
      "publication_date": "2020-01-01",
      "is_published": true,
      "room": 73,
      "channel": 1,
      "visible_in_listings": true,
      "available_for_purchase": "2020-08-31",
      "currency": "USD"
    }
  },
  {
    "model": "room.roomchannellisting",
    "pk": 8,
    "fields": {
      "publication_date": "2020-01-01",
      "is_published": true,
      "room": 76,
      "channel": 1,
      "visible_in_listings": true,
      "available_for_purchase": "2020-08-31",
      "currency": "USD"
    }
  },
  {
    "model": "room.roomchannellisting",
    "pk": 9,
    "fields": {
      "publication_date": "2020-01-01",
      "is_published": true,
      "room": 89,
      "channel": 1,
      "visible_in_listings": true,
      "available_for_purchase": "2020-08-31",
      "currency": "USD"
    }
  },
  {
    "model": "room.roomchannellisting",
    "pk": 10,
    "fields": {
      "publication_date": "2020-01-01",
      "is_published": true,
      "room": 85,
      "channel": 1,
      "visible_in_listings": true,
      "available_for_purchase": "2020-08-31",
      "currency": "USD"
    }
  },
  {
    "model": "room.roomchannellisting",
    "pk": 11,
    "fields": {
      "publication_date": "2020-01-01",
      "is_published": true,
      "room": 78,
      "channel": 1,
      "visible_in_listings": true,
      "available_for_purchase": "2020-08-31",
      "currency": "USD"
    }
  },
  {
    "model": "room.roomchannellisting",
    "pk": 12,
    "fields": {
      "publication_date": "2020-01-01",
      "is_published": true,
      "room": 65,
      "channel": 1,
      "visible_in_listings": true,
      "available_for_purchase": "2021-08-31",
      "currency": "USD"
    }
  },
  {
    "model": "room.roomchannellisting",
    "pk": 13,
    "fields": {
      "publication_date": "2020-01-01",
      "is_published": true,
      "room": 123,
      "channel": 1,
      "visible_in_listings": false,
      "available_for_purchase": "2020-08-31",
      "currency": "USD"
    }
  },
  {
    "model": "room.roomchannellisting",
    "pk": 14,
    "fields": {
      "publication_date": "2020-01-01",
      "is_published": true,
      "room": 120,
      "channel": 1,
      "visible_in_listings": true,
      "available_for_purchase": "2020-08-31",
      "currency": "USD"
    }
  },
  {
    "model": "room.roomchannellisting",
    "pk": 15,
    "fields": {
      "publication_date": "2020-01-01",
      "is_published": true,
      "room": 64,
      "channel": 1,
      "visible_in_listings": true,
      "available_for_purchase": "2021-08-31",
      "currency": "USD"
    }
  },
  {
    "model": "room.roomchannellisting",
    "pk": 16,
    "fields": {
      "publication_date": "2020-01-01",
      "is_published": true,
      "room": 117,
      "channel": 1,
      "visible_in_listings": true,
      "available_for_purchase": "2020-08-31",
      "currency": "USD"
    }
  },
  {
    "model": "room.roomchannellisting",
    "pk": 17,
    "fields": {
      "publication_date": "2020-01-01",
      "is_published": true,
      "room": 61,
      "channel": 1,
      "visible_in_listings": true,
      "available_for_purchase": "2020-08-31",
      "currency": "USD"
    }
  },
  {
    "model": "room.roomchannellisting",
    "pk": 18,
    "fields": {
      "publication_date": "2020-01-01",
      "is_published": true,
      "room": 121,
      "channel": 1,
      "visible_in_listings": false,
      "available_for_purchase": "2020-08-31",
      "currency": "USD"
    }
  },
  {
    "model": "room.roomchannellisting",
    "pk": 19,
    "fields": {
      "publication_date": "2020-01-01",
      "is_published": true,
      "room": 71,
      "channel": 1,
      "visible_in_listings": true,
      "available_for_purchase": "2020-08-31",
      "currency": "USD"
    }
  },
  {
    "model": "room.roomchannellisting",
    "pk": 20,
    "fields": {
      "publication_date": "2020-01-01",
      "is_published": true,
      "room": 75,
      "channel": 1,
      "visible_in_listings": true,
      "available_for_purchase": "2020-08-31",
      "currency": "USD"
    }
  },
  {
    "model": "room.roomchannellisting",
    "pk": 21,
    "fields": {
      "publication_date": "2020-01-01",
      "is_published": true,
      "room": 107,
      "channel": 1,
      "visible_in_listings": true,
      "available_for_purchase": "2020-08-31",
      "currency": "USD"
    }
  },
  {
    "model": "room.roomchannellisting",
    "pk": 22,
    "fields": {
      "publication_date": "2020-01-01",
      "is_published": true,
      "room": 108,
      "channel": 1,
      "visible_in_listings": true,
      "available_for_purchase": "2020-08-31",
      "currency": "USD"
    }
  },
  {
    "model": "room.roomchannellisting",
    "pk": 23,
    "fields": {
      "publication_date": "2020-01-01",
      "is_published": true,
      "room": 109,
      "channel": 1,
      "visible_in_listings": true,
      "available_for_purchase": "2020-08-31",
      "currency": "USD"
    }
  },
  {
    "model": "room.roomchannellisting",
    "pk": 24,
    "fields": {
      "publication_date": "2020-01-01",
      "is_published": true,
      "room": 110,
      "channel": 1,
      "visible_in_listings": true,
      "available_for_purchase": "2020-08-31",
      "currency": "USD"
    }
  },
  {
    "model": "room.roomchannellisting",
    "pk": 25,
    "fields": {
      "publication_date": "2020-01-01",
      "is_published": true,
      "room": 77,
      "channel": 1,
      "visible_in_listings": true,
      "available_for_purchase": "2020-08-31",
      "currency": "USD"
    }
  },
  {
    "model": "room.roomchannellisting",
    "pk": 26,
    "fields": {
      "publication_date": "2020-01-01",
      "is_published": true,
      "room": 63,
      "channel": 1,
      "visible_in_listings": true,
      "available_for_purchase": "2021-08-31",
      "currency": "USD"
    }
  },
  {
    "model": "room.roomchannellisting",
    "pk": 27,
    "fields": {
      "publication_date": "2020-01-01",
      "is_published": true,
      "room": 81,
      "channel": 1,
      "visible_in_listings": true,
      "available_for_purchase": "2020-08-31",
      "currency": "USD"
    }
  },
  {
    "model": "room.roomchannellisting",
    "pk": 28,
    "fields": {
      "publication_date": "2020-01-01",
      "is_published": true,
      "room": 119,
      "channel": 1,
      "visible_in_listings": true,
      "available_for_purchase": "2020-08-31",
      "currency": "USD"
    }
  },
  {
    "model": "room.roomchannellisting",
    "pk": 29,
    "fields": {
      "publication_date": "2020-01-01",
      "is_published": true,
      "room": 84,
      "channel": 1,
      "visible_in_listings": true,
      "available_for_purchase": "2020-08-31",
      "currency": "USD"
    }
  },
  {
    "model": "room.roomchannellisting",
    "pk": 30,
    "fields": {
      "publication_date": "2020-01-01",
      "is_published": true,
      "room": 83,
      "channel": 1,
      "visible_in_listings": true,
      "available_for_purchase": "2020-08-31",
      "currency": "USD"
    }
  },
  {
    "model": "room.roomchannellisting",
    "pk": 31,
    "fields": {
      "publication_date": "2020-01-01",
      "is_published": true,
      "room": 62,
      "channel": 1,
      "visible_in_listings": true,
      "available_for_purchase": "2021-08-31",
      "currency": "USD"
    }
  },
  {
    "model": "room.roomchannellisting",
    "pk": 32,
    "fields": {
      "publication_date": "2020-01-01",
      "is_published": true,
      "room": 112,
      "channel": 1,
      "visible_in_listings": true,
      "available_for_purchase": "2020-08-31",
      "currency": "USD"
    }
  },
  {
    "model": "room.roomchannellisting",
    "pk": 33,
    "fields": {
      "publication_date": "2020-01-01",
      "is_published": true,
      "room": 111,
      "channel": 1,
      "visible_in_listings": true,
      "available_for_purchase": "2020-08-31",
      "currency": "USD"
    }
  },
  {
    "model": "room.roomchannellisting",
    "pk": 34,
    "fields": {
      "publication_date": "2020-01-01",
      "is_published": true,
      "room": 114,
      "channel": 1,
      "visible_in_listings": true,
      "available_for_purchase": "2020-08-31",
      "currency": "USD"
    }
  },
  {
    "model": "room.roomchannellisting",
    "pk": 35,
    "fields": {
      "publication_date": "2020-01-01",
      "is_published": true,
      "room": 113,
      "channel": 1,
      "visible_in_listings": true,
      "available_for_purchase": "2020-08-31",
      "currency": "USD"
    }
  },
  {
    "model": "room.roomchannellisting",
    "pk": 36,
    "fields": {
      "publication_date": "2020-01-01",
      "is_published": true,
      "room": 124,
      "channel": 1,
      "visible_in_listings": false,
      "available_for_purchase": "2021-08-31",
      "currency": "USD"
    }
  },
  {
    "model": "room.roomchannellisting",
    "pk": 37,
    "fields": {
      "publication_date": "2020-01-01",
      "is_published": true,
      "room": 118,
      "channel": 1,
      "visible_in_listings": true,
      "available_for_purchase": "2020-08-31",
      "currency": "USD"
    }
  },
  {
    "model": "room.roomchannellisting",
    "pk": 38,
    "fields": {
      "publication_date": "2020-01-01",
      "is_published": true,
      "room": 86,
      "channel": 1,
      "visible_in_listings": true,
      "available_for_purchase": "2020-08-31",
      "currency": "USD"
    }
  },
  {
    "model": "room.roomchannellisting",
    "pk": 39,
    "fields": {
      "publication_date": "2020-01-01",
      "is_published": true,
      "room": 88,
      "channel": 1,
      "visible_in_listings": true,
      "available_for_purchase": "2020-08-31",
      "currency": "USD"
    }
  },
  {
    "model": "room.roomchannellisting",
    "pk": 40,
    "fields": {
      "publication_date": "2020-01-01",
      "is_published": true,
      "room": 82,
      "channel": 1,
      "visible_in_listings": true,
      "available_for_purchase": "2020-08-31",
      "currency": "USD"
    }
  },
  {
    "model": "room.roomchannellisting",
    "pk": 41,
    "fields": {
      "publication_date": "2020-01-01",
      "is_published": true,
      "room": 87,
      "channel": 1,
      "visible_in_listings": true,
      "available_for_purchase": "2020-08-31",
      "currency": "USD"
    }
  },
  {
    "model": "room.roomchannellisting",
    "pk": 42,
    "fields": {
      "publication_date": "2020-01-01",
      "is_published": true,
      "room": 72,
      "channel": 2,
      "visible_in_listings": true,
      "available_for_purchase": "2020-08-31",
      "currency": "PLN"
    }
  },
  {
    "model": "room.roomchannellisting",
    "pk": 43,
    "fields": {
      "publication_date": "2020-01-01",
      "is_published": true,
      "room": 74,
      "channel": 2,
      "visible_in_listings": true,
      "available_for_purchase": "2020-08-31",
      "currency": "PLN"
    }
  },
  {
    "model": "room.roomchannellisting",
    "pk": 44,
    "fields": {
      "publication_date": "2020-01-01",
      "is_published": true,
      "room": 122,
      "channel": 2,
      "visible_in_listings": false,
      "available_for_purchase": "2020-08-31",
      "currency": "PLN"
    }
  },
  {
    "model": "room.roomchannellisting",
    "pk": 45,
    "fields": {
      "publication_date": "2020-01-01",
      "is_published": true,
      "room": 79,
      "channel": 2,
      "visible_in_listings": true,
      "available_for_purchase": "2020-08-31",
      "currency": "PLN"
    }
  },
  {
    "model": "room.roomchannellisting",
    "pk": 46,
    "fields": {
      "publication_date": "2020-01-01",
      "is_published": true,
      "room": 115,
      "channel": 2,
      "visible_in_listings": true,
      "available_for_purchase": "2020-08-31",
      "currency": "PLN"
    }
  },
  {
    "model": "room.roomchannellisting",
    "pk": 47,
    "fields": {
      "publication_date": "2020-01-01",
      "is_published": true,
      "room": 116,
      "channel": 2,
      "visible_in_listings": true,
      "available_for_purchase": "2020-08-31",
      "currency": "PLN"
    }
  },
  {
    "model": "room.roomchannellisting",
    "pk": 48,
    "fields": {
      "publication_date": "2020-01-01",
      "is_published": true,
      "room": 73,
      "channel": 2,
      "visible_in_listings": true,
      "available_for_purchase": "2020-08-31",
      "currency": "PLN"
    }
  },
  {
    "model": "room.roomchannellisting",
    "pk": 49,
    "fields": {
      "publication_date": "2020-01-01",
      "is_published": true,
      "room": 76,
      "channel": 2,
      "visible_in_listings": true,
      "available_for_purchase": "2020-08-31",
      "currency": "PLN"
    }
  },
  {
    "model": "room.roomchannellisting",
    "pk": 50,
    "fields": {
      "publication_date": "2020-01-01",
      "is_published": true,
      "room": 89,
      "channel": 2,
      "visible_in_listings": true,
      "available_for_purchase": "2020-08-31",
      "currency": "PLN"
    }
  },
  {
    "model": "room.roomchannellisting",
    "pk": 51,
    "fields": {
      "publication_date": "2020-01-01",
      "is_published": true,
      "room": 85,
      "channel": 2,
      "visible_in_listings": true,
      "available_for_purchase": "2020-08-31",
      "currency": "PLN"
    }
  },
  {
    "model": "room.roomchannellisting",
    "pk": 52,
    "fields": {
      "publication_date": "2020-01-01",
      "is_published": true,
      "room": 78,
      "channel": 2,
      "visible_in_listings": true,
      "available_for_purchase": "2020-08-31",
      "currency": "PLN"
    }
  },
  {
    "model": "room.roomchannellisting",
    "pk": 53,
    "fields": {
      "publication_date": "2020-01-01",
      "is_published": true,
      "room": 65,
      "channel": 2,
      "visible_in_listings": true,
      "available_for_purchase": "2021-08-31",
      "currency": "PLN"
    }
  },
  {
    "model": "room.roomchannellisting",
    "pk": 54,
    "fields": {
      "publication_date": "2020-01-01",
      "is_published": true,
      "room": 123,
      "channel": 2,
      "visible_in_listings": false,
      "available_for_purchase": "2020-08-31",
      "currency": "PLN"
    }
  },
  {
    "model": "room.roomchannellisting",
    "pk": 55,
    "fields": {
      "publication_date": "2020-01-01",
      "is_published": true,
      "room": 120,
      "channel": 2,
      "visible_in_listings": true,
      "available_for_purchase": "2020-08-31",
      "currency": "PLN"
    }
  },
  {
    "model": "room.roomchannellisting",
    "pk": 56,
    "fields": {
      "publication_date": "2020-01-01",
      "is_published": true,
      "room": 64,
      "channel": 2,
      "visible_in_listings": true,
      "available_for_purchase": "2021-08-31",
      "currency": "PLN"
    }
  },
  {
    "model": "room.roomchannellisting",
    "pk": 57,
    "fields": {
      "publication_date": "2020-01-01",
      "is_published": true,
      "room": 117,
      "channel": 2,
      "visible_in_listings": true,
      "available_for_purchase": "2020-08-31",
      "currency": "PLN"
    }
  },
  {
    "model": "room.roomchannellisting",
    "pk": 58,
    "fields": {
      "publication_date": "2020-01-01",
      "is_published": true,
      "room": 61,
      "channel": 2,
      "visible_in_listings": true,
      "available_for_purchase": "2020-08-31",
      "currency": "PLN"
    }
  },
  {
    "model": "room.roomchannellisting",
    "pk": 59,
    "fields": {
      "publication_date": "2020-01-01",
      "is_published": true,
      "room": 121,
      "channel": 2,
      "visible_in_listings": false,
      "available_for_purchase": "2020-08-31",
      "currency": "PLN"
    }
  },
  {
    "model": "room.roomchannellisting",
    "pk": 60,
    "fields": {
      "publication_date": "2020-01-01",
      "is_published": true,
      "room": 71,
      "channel": 2,
      "visible_in_listings": true,
      "available_for_purchase": "2020-08-31",
      "currency": "PLN"
    }
  },
  {
    "model": "room.roomchannellisting",
    "pk": 61,
    "fields": {
      "publication_date": "2020-01-01",
      "is_published": true,
      "room": 75,
      "channel": 2,
      "visible_in_listings": true,
      "available_for_purchase": "2020-08-31",
      "currency": "PLN"
    }
  },
  {
    "model": "room.roomchannellisting",
    "pk": 62,
    "fields": {
      "publication_date": "2020-01-01",
      "is_published": true,
      "room": 107,
      "channel": 2,
      "visible_in_listings": true,
      "available_for_purchase": "2020-08-31",
      "currency": "PLN"
    }
  },
  {
    "model": "room.roomchannellisting",
    "pk": 63,
    "fields": {
      "publication_date": "2020-01-01",
      "is_published": true,
      "room": 108,
      "channel": 2,
      "visible_in_listings": true,
      "available_for_purchase": "2020-08-31",
      "currency": "PLN"
    }
  },
  {
    "model": "room.roomchannellisting",
    "pk": 64,
    "fields": {
      "publication_date": "2020-01-01",
      "is_published": true,
      "room": 109,
      "channel": 2,
      "visible_in_listings": true,
      "available_for_purchase": "2020-08-31",
      "currency": "PLN"
    }
  },
  {
    "model": "room.roomchannellisting",
    "pk": 65,
    "fields": {
      "publication_date": "2020-01-01",
      "is_published": true,
      "room": 110,
      "channel": 2,
      "visible_in_listings": true,
      "available_for_purchase": "2020-08-31",
      "currency": "PLN"
    }
  },
  {
    "model": "room.roomchannellisting",
    "pk": 66,
    "fields": {
      "publication_date": "2020-01-01",
      "is_published": true,
      "room": 77,
      "channel": 2,
      "visible_in_listings": true,
      "available_for_purchase": "2020-08-31",
      "currency": "PLN"
    }
  },
  {
    "model": "room.roomchannellisting",
    "pk": 67,
    "fields": {
      "publication_date": "2020-01-01",
      "is_published": true,
      "room": 63,
      "channel": 2,
      "visible_in_listings": true,
      "available_for_purchase": "2021-08-31",
      "currency": "PLN"
    }
  },
  {
    "model": "room.roomchannellisting",
    "pk": 68,
    "fields": {
      "publication_date": "2020-01-01",
      "is_published": true,
      "room": 81,
      "channel": 2,
      "visible_in_listings": false,
      "available_for_purchase": "2020-08-31",
      "currency": "PLN"
    }
  },
  {
    "model": "room.roomchannellisting",
    "pk": 69,
    "fields": {
      "publication_date": "2020-01-01",
      "is_published": true,
      "room": 119,
      "channel": 2,
      "visible_in_listings": false,
      "available_for_purchase": "2020-08-31",
      "currency": "PLN"
    }
  },
  {
    "model": "room.roomchannellisting",
    "pk": 70,
    "fields": {
      "publication_date": "2020-01-01",
      "is_published": false,
      "room": 84,
      "channel": 2,
      "visible_in_listings": true,
      "available_for_purchase": "2020-08-31",
      "currency": "PLN"
    }
  },
  {
    "model": "room.roomchannellisting",
    "pk": 71,
    "fields": {
      "publication_date": "2020-01-01",
      "is_published": false,
      "room": 83,
      "channel": 2,
      "visible_in_listings": false,
      "available_for_purchase": "2020-08-31",
      "currency": "PLN"
    }
  },
  {
    "model": "room.roomvariant",
    "pk": 171,
    "fields": {
      "private_metadata": {},
      "metadata": {},
      "sku": "546451996",
      "name": "1l",
      "room": 61,
      "track_inventory": true,
      "weight": "1.0:kg",
      "default": true
    }
  },
  {
    "model": "room.roomvariant",
    "pk": 172,
    "fields": {
      "private_metadata": {},
      "metadata": {},
      "sku": "546451997",
      "name": "2.5l",
      "room": 61,
      "track_inventory": true,
      "weight": "2.5:kg"
    }
  },
  {
    "model": "room.roomvariant",
    "pk": 173,
    "fields": {
      "private_metadata": {},
      "metadata": {},
      "sku": "546451999",
      "name": "5l",
      "room": 61,
      "track_inventory": true,
      "weight": "5.0:kg"
    }
  },
  {
    "model": "room.roomvariant",
    "pk": 174,
    "fields": {
      "private_metadata": {},
      "metadata": {},
      "sku": "998223591",
      "name": "1l",
      "room": 62,
      "track_inventory": true,
      "weight": "1.0:kg",
      "default": true
    }
  },
  {
    "model": "room.roomvariant",
    "pk": 175,
    "fields": {
      "private_metadata": {},
      "metadata": {},
      "sku": "998223599",
      "name": "2.5l",
      "room": 62,
      "track_inventory": true,
      "weight": "0.0:kg"
    }
  },
  {
    "model": "room.roomvariant",
    "pk": 176,
    "fields": {
      "private_metadata": {},
      "metadata": {},
      "sku": "998223594",
      "name": "5l",
      "room": 62,
      "track_inventory": true,
      "weight": "0.0:kg"
    }
  },
  {
    "model": "room.roomvariant",
    "pk": 177,
    "fields": {
      "private_metadata": {},
      "metadata": {},
      "sku": "998223582",
      "name": "1l",
      "room": 63,
      "track_inventory": true,
      "weight": "1.0:kg",
      "default": true
    }
  },
  {
    "model": "room.roomvariant",
    "pk": 178,
    "fields": {
      "private_metadata": {},
      "metadata": {},
      "sku": "998223583",
      "name": "2.5l",
      "room": 63,
      "track_inventory": true,
      "weight": "2.5:kg"
    }
  },
  {
    "model": "room.roomvariant",
    "pk": 179,
    "fields": {
      "private_metadata": {},
      "metadata": {},
      "sku": "998223584",
      "name": "5l",
      "room": 63,
      "track_inventory": true,
      "weight": "5.0:kg"
    }
  },
  {
    "model": "room.roomvariant",
    "pk": 180,
    "fields": {
      "private_metadata": {},
      "metadata": {},
      "sku": "998323582",
      "name": "1l",
      "room": 64,
      "track_inventory": true,
      "weight": "1.0:kg",
      "default": true
    }
  },
  {
    "model": "room.roomvariant",
    "pk": 181,
    "fields": {
      "private_metadata": {},
      "metadata": {},
      "sku": "998323583",
      "name": "2.5l",
      "room": 64,
      "track_inventory": true,
      "weight": "2.5:kg"
    }
  },
  {
    "model": "room.roomvariant",
    "pk": 182,
    "fields": {
      "private_metadata": {},
      "metadata": {},
      "sku": "998323584",
      "name": "5l",
      "room": 64,
      "track_inventory": true,
      "weight": "5.0:kg"
    }
  },
  {
    "model": "room.roomvariant",
    "pk": 183,
    "fields": {
      "private_metadata": {},
      "metadata": {},
      "sku": "998423582",
      "name": "1l",
      "room": 65,
      "track_inventory": true,
      "weight": "1.0:kg",
      "default": true
    }
  },
  {
    "model": "room.roomvariant",
    "pk": 184,
    "fields": {
      "private_metadata": {},
      "metadata": {},
      "sku": "998423583",
      "name": "2.5l",
      "room": 65,
      "track_inventory": true,
      "weight": "2.5:kg"
    }
  },
  {
    "model": "room.roomvariant",
    "pk": 185,
    "fields": {
      "private_metadata": {},
      "metadata": {},
      "sku": "998423585",
      "name": "5l",
      "room": 65,
      "track_inventory": true,
      "weight": "5.0:kg"
    }
  },
  {
    "model": "room.roomvariant",
    "pk": 190,
    "fields": {
      "private_metadata": {},
      "metadata": {},
      "sku": "988323582",
      "name": "500ml",
      "room": 71,
      "track_inventory": true,
      "weight": "1.0:kg",
      "default": true
    }
  },
  {
    "model": "room.roomvariant",
    "pk": 191,
    "fields": {
      "private_metadata": {},
      "metadata": {},
      "sku": "938323582",
      "name": "1l",
      "room": 71,
      "track_inventory": true,
      "weight": "1.0:kg"
    }
  },
  {
    "model": "room.roomvariant",
    "pk": 192,
    "fields": {
      "private_metadata": {},
      "metadata": {},
      "sku": "988323522",
      "name": "2l",
      "room": 71,
      "track_inventory": true,
      "weight": "2.0:kg"
    }
  },
  {
    "model": "room.roomvariant",
    "pk": 193,
    "fields": {
      "private_metadata": {},
      "metadata": {},
      "sku": "12312312321",
      "name": "",
      "room": 81,
      "track_inventory": true,
      "weight": "0.0:kg",
      "default": true
    }
  },
  {
    "model": "room.roomvariant",
    "pk": 194,
    "fields": {
      "private_metadata": {},
      "metadata": {},
      "sku": "1231998121",
      "name": "",
      "room": 82,
      "track_inventory": true,
      "weight": "0.0:kg",
      "default": true
    }
  },
  {
    "model": "room.roomvariant",
    "pk": 195,
    "fields": {
      "private_metadata": {},
      "metadata": {},
      "sku": "98616712",
      "name": "",
      "room": 83,
      "track_inventory": true,
      "weight": "0.0:kg",
      "default": true
    }
  },
  {
    "model": "room.roomvariant",
    "pk": 196,
    "fields": {
      "private_metadata": {},
      "metadata": {},
      "sku": "98616713",
      "name": "",
      "room": 84,
      "track_inventory": true,
      "weight": "0.0:kg",
      "default": true
    }
  },
  {
    "model": "room.roomvariant",
    "pk": 197,
    "fields": {
      "private_metadata": {},
      "metadata": {},
      "sku": "698223582",
      "name": "45cm x 45cm",
      "room": 85,
      "track_inventory": true,
      "weight": "0.0:kg",
      "default": true
    }
  },
  {
    "model": "room.roomvariant",
    "pk": 198,
    "fields": {
      "private_metadata": {},
      "metadata": {},
      "sku": "698223581",
      "name": "55cm x 55cm",
      "room": 85,
      "track_inventory": true,
      "weight": "0.0:kg"
    }
  },
  {
    "model": "room.roomvariant",
    "pk": 199,
    "fields": {
      "private_metadata": {},
      "metadata": {},
      "sku": "987126191",
      "name": "45cm x 45cm",
      "room": 86,
      "track_inventory": true,
      "weight": "0.0:kg",
      "default": true
    }
  },
  {
    "model": "room.roomvariant",
    "pk": 200,
    "fields": {
      "private_metadata": {},
      "metadata": {},
      "sku": "998223590",
      "name": "55cm x 55cm",
      "room": 86,
      "track_inventory": true,
      "weight": "0.0:kg"
    }
  },
  {
    "model": "room.roomvariant",
    "pk": 202,
    "fields": {
      "private_metadata": {},
      "metadata": {},
      "sku": "93855755",
      "name": "500ml",
      "room": 72,
      "track_inventory": true,
      "weight": "1.0:kg",
      "default": true
    }
  },
  {
    "model": "room.roomvariant",
    "pk": 203,
    "fields": {
      "private_metadata": {},
      "metadata": {},
      "sku": "43226647",
      "name": "1l",
      "room": 72,
      "track_inventory": true,
      "weight": "1.0:kg"
    }
  },
  {
    "model": "room.roomvariant",
    "pk": 204,
    "fields": {
      "private_metadata": {},
      "metadata": {},
      "sku": "80884671",
      "name": "2l",
      "room": 72,
      "track_inventory": true,
      "weight": "2.0:kg"
    }
  },
  {
    "model": "room.roomvariant",
    "pk": 205,
    "fields": {
      "private_metadata": {},
      "metadata": {},
      "sku": "67882967",
      "name": "500ml",
      "room": 73,
      "track_inventory": true,
      "weight": "1.0:kg",
      "default": true
    }
  },
  {
    "model": "room.roomvariant",
    "pk": 206,
    "fields": {
      "private_metadata": {},
      "metadata": {},
      "sku": "14925419",
      "name": "1l",
      "room": 73,
      "track_inventory": true,
      "weight": "1.0:kg"
    }
  },
  {
    "model": "room.roomvariant",
    "pk": 207,
    "fields": {
      "private_metadata": {},
      "metadata": {},
      "sku": "62426105",
      "name": "2l",
      "room": 73,
      "track_inventory": true,
      "weight": "2.0:kg"
    }
  },
  {
    "model": "room.roomvariant",
    "pk": 208,
    "fields": {
      "private_metadata": {},
      "metadata": {},
      "sku": "45328412",
      "name": "500ml",
      "room": 74,
      "track_inventory": true,
      "weight": "1.0:kg",
      "default": true
    }
  },
  {
    "model": "room.roomvariant",
    "pk": 209,
    "fields": {
      "private_metadata": {},
      "metadata": {},
      "sku": "27512590",
      "name": "1l",
      "room": 74,
      "track_inventory": true,
      "weight": "1.0:kg"
    }
  },
  {
    "model": "room.roomvariant",
    "pk": 210,
    "fields": {
      "private_metadata": {},
      "metadata": {},
      "sku": "40636347",
      "name": "2l",
      "room": 74,
      "track_inventory": true,
      "weight": "2.0:kg"
    }
  },
  {
    "model": "room.roomvariant",
    "pk": 211,
    "fields": {
      "private_metadata": {},
      "metadata": {},
      "sku": "43200242",
      "name": "500ml",
      "room": 75,
      "track_inventory": true,
      "weight": "1.0:kg",
      "default": true
    }
  },
  {
    "model": "room.roomvariant",
    "pk": 212,
    "fields": {
      "private_metadata": {},
      "metadata": {},
      "sku": "79129513",
      "name": "1l",
      "room": 75,
      "track_inventory": true,
      "weight": "1.0:kg"
    }
  },
  {
    "model": "room.roomvariant",
    "pk": 213,
    "fields": {
      "private_metadata": {},
      "metadata": {},
      "sku": "75799450",
      "name": "2l",
      "room": 75,
      "track_inventory": true,
      "weight": "2.0:kg"
    }
  },
  {
    "model": "room.roomvariant",
    "pk": 214,
    "fields": {
      "private_metadata": {},
      "metadata": {},
      "sku": "3944859",
      "name": "500ml",
      "room": 76,
      "track_inventory": true,
      "weight": "1.0:kg",
      "default": true
    }
  },
  {
    "model": "room.roomvariant",
    "pk": 215,
    "fields": {
      "private_metadata": {},
      "metadata": {},
      "sku": "5829405",
      "name": "1l",
      "room": 76,
      "track_inventory": true,
      "weight": "1.0:kg"
    }
  },
  {
    "model": "room.roomvariant",
    "pk": 216,
    "fields": {
      "private_metadata": {},
      "metadata": {},
      "sku": "84725784",
      "name": "2l",
      "room": 76,
      "track_inventory": true,
      "weight": "2.0:kg"
    }
  },
  {
    "model": "room.roomvariant",
    "pk": 217,
    "fields": {
      "private_metadata": {},
      "metadata": {},
      "sku": "70058446",
      "name": "500ml",
      "room": 77,
      "track_inventory": true,
      "weight": "1.0:kg",
      "default": true
    }
  },
  {
    "model": "room.roomvariant",
    "pk": 218,
    "fields": {
      "private_metadata": {},
      "metadata": {},
      "sku": "94044081",
      "name": "1l",
      "room": 77,
      "track_inventory": true,
      "weight": "1.0:kg"
    }
  },
  {
    "model": "room.roomvariant",
    "pk": 219,
    "fields": {
      "private_metadata": {},
      "metadata": {},
      "sku": "80696397",
      "name": "2l",
      "room": 77,
      "track_inventory": true,
      "weight": "2.0:kg"
    }
  },
  {
    "model": "room.roomvariant",
    "pk": 220,
    "fields": {
      "private_metadata": {},
      "metadata": {},
      "sku": "60752428",
      "name": "500ml",
      "room": 78,
      "track_inventory": true,
      "weight": "1.0:kg",
      "default": true
    }
  },
  {
    "model": "room.roomvariant",
    "pk": 221,
    "fields": {
      "private_metadata": {},
      "metadata": {},
      "sku": "81470859",
      "name": "1l",
      "room": 78,
      "track_inventory": true,
      "weight": "1.0:kg"
    }
  },
  {
    "model": "room.roomvariant",
    "pk": 222,
    "fields": {
      "private_metadata": {},
      "metadata": {},
      "sku": "30635751",
      "name": "2l",
      "room": 78,
      "track_inventory": true,
      "weight": "2.0:kg"
    }
  },
  {
    "model": "room.roomvariant",
    "pk": 223,
    "fields": {
      "private_metadata": {},
      "metadata": {},
      "sku": "57211177",
      "name": "500ml",
      "room": 79,
      "track_inventory": true,
      "weight": "1.0:kg",
      "default": true
    }
  },
  {
    "model": "room.roomvariant",
    "pk": 224,
    "fields": {
      "private_metadata": {},
      "metadata": {},
      "sku": "57423879",
      "name": "1l",
      "room": 79,
      "track_inventory": true,
      "weight": "1.0:kg"
    }
  },
  {
    "model": "room.roomvariant",
    "pk": 225,
    "fields": {
      "private_metadata": {},
      "metadata": {},
      "sku": "21438542",
      "name": "2l",
      "room": 79,
      "track_inventory": true,
      "weight": "2.0:kg"
    }
  },
  {
    "model": "room.roomvariant",
    "pk": 242,
    "fields": {
      "private_metadata": {},
      "metadata": {},
      "sku": "398323583",
      "name": "39",
      "room": 87,
      "track_inventory": true,
      "weight": "0.0:kg",
      "default": true
    }
  },
  {
    "model": "room.roomvariant",
    "pk": 243,
    "fields": {
      "private_metadata": {},
      "metadata": {},
      "sku": "398323584",
      "name": "40",
      "room": 87,
      "track_inventory": true,
      "weight": "0.0:kg"
    }
  },
  {
    "model": "room.roomvariant",
    "pk": 244,
    "fields": {
      "private_metadata": {},
      "metadata": {},
      "sku": "398323585",
      "name": "41",
      "room": 87,
      "track_inventory": true,
      "weight": "0.0:kg"
    }
  },
  {
    "model": "room.roomvariant",
    "pk": 245,
    "fields": {
      "private_metadata": {},
      "metadata": {},
      "sku": "398323586",
      "name": "42",
      "room": 87,
      "track_inventory": true,
      "weight": "0.0:kg"
    }
  },
  {
    "model": "room.roomvariant",
    "pk": 246,
    "fields": {
      "private_metadata": {},
      "metadata": {},
      "sku": "398323588",
      "name": "43",
      "room": 87,
      "track_inventory": true,
      "weight": "0.0:kg"
    }
  },
  {
    "model": "room.roomvariant",
    "pk": 247,
    "fields": {
      "private_metadata": {},
      "metadata": {},
      "sku": "993223583",
      "name": "40",
      "room": 88,
      "track_inventory": true,
      "weight": "1.0:kg",
      "default": true
    }
  },
  {
    "model": "room.roomvariant",
    "pk": 248,
    "fields": {
      "private_metadata": {},
      "metadata": {},
      "sku": "978223582",
      "name": "41",
      "room": 88,
      "track_inventory": true,
      "weight": "1.0:kg"
    }
  },
  {
    "model": "room.roomvariant",
    "pk": 249,
    "fields": {
      "private_metadata": {},
      "metadata": {},
      "sku": "918323583",
      "name": "40",
      "room": 88,
      "track_inventory": true,
      "weight": "2.0:kg"
    }
  },
  {
    "model": "room.roomvariant",
    "pk": 250,
    "fields": {
      "private_metadata": {},
      "metadata": {},
      "sku": "918223582",
      "name": "45",
      "room": 88,
      "track_inventory": true,
      "weight": "2.0:kg"
    }
  },
  {
    "model": "room.roomvariant",
    "pk": 251,
    "fields": {
      "private_metadata": {},
      "metadata": {},
      "sku": "988323583",
      "name": "S",
      "room": 89,
      "track_inventory": true,
      "weight": "0.0:kg",
      "default": true
    }
  },
  {
    "model": "room.roomvariant",
    "pk": 252,
    "fields": {
      "private_metadata": {},
      "metadata": {},
      "sku": "338223582",
      "name": "M",
      "room": 89,
      "track_inventory": true,
      "weight": "0.0:kg"
    }
  },
  {
    "model": "room.roomvariant",
    "pk": 253,
    "fields": {
      "private_metadata": {},
      "metadata": {},
      "sku": "118223591",
      "name": "L",
      "room": 89,
      "track_inventory": true,
      "weight": "0.0:kg"
    }
  },
  {
    "model": "room.roomvariant",
    "pk": 254,
    "fields": {
      "private_metadata": {},
      "metadata": {},
      "sku": "448323583",
      "name": "XL",
      "room": 89,
      "track_inventory": true,
      "weight": "0.0:kg"
    }
  },
  {
    "model": "room.roomvariant",
    "pk": 255,
    "fields": {
      "private_metadata": {},
      "metadata": {},
      "sku": "3128223583",
      "name": "XXL",
      "room": 89,
      "track_inventory": true,
      "weight": "0.0:kg"
    }
  },
  {
    "model": "room.roomvariant",
    "pk": 256,
    "fields": {
      "private_metadata": {},
      "metadata": {},
      "sku": "29716755",
      "name": "S",
      "room": 107,
      "track_inventory": true,
      "weight": "0.0:kg",
      "default": true
    }
  },
  {
    "model": "room.roomvariant",
    "pk": 257,
    "fields": {
      "private_metadata": {},
      "metadata": {},
      "sku": "66594736",
      "name": "M",
      "room": 107,
      "track_inventory": true,
      "weight": "0.0:kg"
    }
  },
  {
    "model": "room.roomvariant",
    "pk": 258,
    "fields": {
      "private_metadata": {},
      "metadata": {},
      "sku": "50269944",
      "name": "L",
      "room": 107,
      "track_inventory": true,
      "weight": "0.0:kg"
    }
  },
  {
    "model": "room.roomvariant",
    "pk": 259,
    "fields": {
      "private_metadata": {},
      "metadata": {},
      "sku": "31352185",
      "name": "XL",
      "room": 107,
      "track_inventory": true,
      "weight": "0.0:kg"
    }
  },
  {
    "model": "room.roomvariant",
    "pk": 260,
    "fields": {
      "private_metadata": {},
      "metadata": {},
      "sku": "85364796",
      "name": "XXL",
      "room": 107,
      "track_inventory": true,
      "weight": "0.0:kg"
    }
  },
  {
    "model": "room.roomvariant",
    "pk": 261,
    "fields": {
      "private_metadata": {},
      "metadata": {},
      "sku": "44026421",
      "name": "S",
      "room": 108,
      "track_inventory": true,
      "weight": "0.0:kg",
      "default": true
    }
  },
  {
    "model": "room.roomvariant",
    "pk": 262,
    "fields": {
      "private_metadata": {},
      "metadata": {},
      "sku": "90892602",
      "name": "M",
      "room": 108,
      "track_inventory": true,
      "weight": "0.0:kg"
    }
  },
  {
    "model": "room.roomvariant",
    "pk": 263,
    "fields": {
      "private_metadata": {},
      "metadata": {},
      "sku": "59014392",
      "name": "L",
      "room": 108,
      "track_inventory": true,
      "weight": "0.0:kg"
    }
  },
  {
    "model": "room.roomvariant",
    "pk": 264,
    "fields": {
      "private_metadata": {},
      "metadata": {},
      "sku": "43659438",
      "name": "XL",
      "room": 108,
      "track_inventory": true,
      "weight": "0.0:kg"
    }
  },
  {
    "model": "room.roomvariant",
    "pk": 265,
    "fields": {
      "private_metadata": {},
      "metadata": {},
      "sku": "60597697",
      "name": "XXL",
      "room": 108,
      "track_inventory": true,
      "weight": "0.0:kg"
    }
  },
  {
    "model": "room.roomvariant",
    "pk": 266,
    "fields": {
      "private_metadata": {},
      "metadata": {},
      "sku": "26592266",
      "name": "S",
      "room": 109,
      "track_inventory": true,
      "weight": "0.0:kg",
      "default": true
    }
  },
  {
    "model": "room.roomvariant",
    "pk": 267,
    "fields": {
      "private_metadata": {},
      "metadata": {},
      "sku": "36260498",
      "name": "M",
      "room": 109,
      "track_inventory": true,
      "weight": "0.0:kg"
    }
  },
  {
    "model": "room.roomvariant",
    "pk": 268,
    "fields": {
      "private_metadata": {},
      "metadata": {},
      "sku": "37558859",
      "name": "L",
      "room": 109,
      "track_inventory": true,
      "weight": "0.0:kg"
    }
  },
  {
    "model": "room.roomvariant",
    "pk": 269,
    "fields": {
      "private_metadata": {},
      "metadata": {},
      "sku": "19402012",
      "name": "XL",
      "room": 109,
      "track_inventory": true,
      "weight": "0.0:kg"
    }
  },
  {
    "model": "room.roomvariant",
    "pk": 270,
    "fields": {
      "private_metadata": {},
      "metadata": {},
      "sku": "17570141",
      "name": "XXL",
      "room": 109,
      "track_inventory": true,
      "weight": "0.0:kg"
    }
  },
  {
    "model": "room.roomvariant",
    "pk": 271,
    "fields": {
      "private_metadata": {},
      "metadata": {},
      "sku": "98530976",
      "name": "S",
      "room": 110,
      "track_inventory": true,
      "weight": "0.0:kg",
      "default": true
    }
  },
  {
    "model": "room.roomvariant",
    "pk": 272,
    "fields": {
      "private_metadata": {},
      "metadata": {},
      "sku": "46806935",
      "name": "M",
      "room": 110,
      "track_inventory": true,
      "weight": "0.0:kg"
    }
  },
  {
    "model": "room.roomvariant",
    "pk": 273,
    "fields": {
      "private_metadata": {},
      "metadata": {},
      "sku": "71103052",
      "name": "L",
      "room": 110,
      "track_inventory": true,
      "weight": "0.0:kg"
    }
  },
  {
    "model": "room.roomvariant",
    "pk": 274,
    "fields": {
      "private_metadata": {},
      "metadata": {},
      "sku": "84812015",
      "name": "XL",
      "room": 110,
      "track_inventory": true,
      "weight": "0.0:kg"
    }
  },
  {
    "model": "room.roomvariant",
    "pk": 275,
    "fields": {
      "private_metadata": {},
      "metadata": {},
      "sku": "89820261",
      "name": "XXL",
      "room": 110,
      "track_inventory": true,
      "weight": "0.0:kg"
    }
  },
  {
    "model": "room.roomvariant",
    "pk": 276,
    "fields": {
      "private_metadata": {},
      "metadata": {},
      "sku": "81115323",
      "name": "S",
      "room": 111,
      "track_inventory": true,
      "weight": "0.0:kg",
      "default": true
    }
  },
  {
    "model": "room.roomvariant",
    "pk": 277,
    "fields": {
      "private_metadata": {},
      "metadata": {},
      "sku": "38254631",
      "name": "M",
      "room": 111,
      "track_inventory": true,
      "weight": "0.0:kg"
    }
  },
  {
    "model": "room.roomvariant",
    "pk": 278,
    "fields": {
      "private_metadata": {},
      "metadata": {},
      "sku": "11511539",
      "name": "L",
      "room": 111,
      "track_inventory": true,
      "weight": "0.0:kg"
    }
  },
  {
    "model": "room.roomvariant",
    "pk": 279,
    "fields": {
      "private_metadata": {},
      "metadata": {},
      "sku": "84192227",
      "name": "XL",
      "room": 111,
      "track_inventory": true,
      "weight": "0.0:kg"
    }
  },
  {
    "model": "room.roomvariant",
    "pk": 280,
    "fields": {
      "private_metadata": {},
      "metadata": {},
      "sku": "91642659",
      "name": "XXL",
      "room": 111,
      "track_inventory": true,
      "weight": "0.0:kg"
    }
  },
  {
    "model": "room.roomvariant",
    "pk": 281,
    "fields": {
      "private_metadata": {},
      "metadata": {},
      "sku": "76491340",
      "name": "S",
      "room": 112,
      "track_inventory": true,
      "weight": "0.0:kg",
      "default": true
    }
  },
  {
    "model": "room.roomvariant",
    "pk": 282,
    "fields": {
      "private_metadata": {},
      "metadata": {},
      "sku": "55101176",
      "name": "M",
      "room": 112,
      "track_inventory": true,
      "weight": "0.0:kg"
    }
  },
  {
    "model": "room.roomvariant",
    "pk": 283,
    "fields": {
      "private_metadata": {},
      "metadata": {},
      "sku": "28094954",
      "name": "L",
      "room": 112,
      "track_inventory": true,
      "weight": "0.0:kg"
    }
  },
  {
    "model": "room.roomvariant",
    "pk": 284,
    "fields": {
      "private_metadata": {},
      "metadata": {},
      "sku": "40232182",
      "name": "XL",
      "room": 112,
      "track_inventory": true,
      "weight": "0.0:kg"
    }
  },
  {
    "model": "room.roomvariant",
    "pk": 285,
    "fields": {
      "private_metadata": {},
      "metadata": {},
      "sku": "21522631",
      "name": "XXL",
      "room": 112,
      "track_inventory": true,
      "weight": "0.0:kg"
    }
  },
  {
    "model": "room.roomvariant",
    "pk": 286,
    "fields": {
      "private_metadata": {},
      "metadata": {},
      "sku": "29810068",
      "name": "S",
      "room": 113,
      "track_inventory": true,
      "weight": "0.0:kg",
      "default": true
    }
  },
  {
    "model": "room.roomvariant",
    "pk": 287,
    "fields": {
      "private_metadata": {},
      "metadata": {},
      "sku": "57917658",
      "name": "M",
      "room": 113,
      "track_inventory": true,
      "weight": "0.0:kg"
    }
  },
  {
    "model": "room.roomvariant",
    "pk": 288,
    "fields": {
      "private_metadata": {},
      "metadata": {},
      "sku": "42680611",
      "name": "L",
      "room": 113,
      "track_inventory": true,
      "weight": "0.0:kg"
    }
  },
  {
    "model": "room.roomvariant",
    "pk": 289,
    "fields": {
      "private_metadata": {},
      "metadata": {},
      "sku": "72289815",
      "name": "XL",
      "room": 113,
      "track_inventory": true,
      "weight": "0.0:kg"
    }
  },
  {
    "model": "room.roomvariant",
    "pk": 290,
    "fields": {
      "private_metadata": {},
      "metadata": {},
      "sku": "98653891",
      "name": "XXL",
      "room": 113,
      "track_inventory": true,
      "weight": "0.0:kg"
    }
  },
  {
    "model": "room.roomvariant",
    "pk": 291,
    "fields": {
      "private_metadata": {},
      "metadata": {},
      "sku": "77306807",
      "name": "S",
      "room": 114,
      "track_inventory": true,
      "weight": "0.0:kg",
      "default": true
    }
  },
  {
    "model": "room.roomvariant",
    "pk": 292,
    "fields": {
      "private_metadata": {},
      "metadata": {},
      "sku": "68848129",
      "name": "M",
      "room": 114,
      "track_inventory": true,
      "weight": "0.0:kg"
    }
  },
  {
    "model": "room.roomvariant",
    "pk": 293,
    "fields": {
      "private_metadata": {},
      "metadata": {},
      "sku": "35342696",
      "name": "L",
      "room": 114,
      "track_inventory": true,
      "weight": "0.0:kg"
    }
  },
  {
    "model": "room.roomvariant",
    "pk": 294,
    "fields": {
      "private_metadata": {},
      "metadata": {},
      "sku": "98935349",
      "name": "XL",
      "room": 114,
      "track_inventory": true,
      "weight": "0.0:kg"
    }
  },
  {
    "model": "room.roomvariant",
    "pk": 295,
    "fields": {
      "private_metadata": {},
      "metadata": {},
      "sku": "45179543",
      "name": "XXL",
      "room": 114,
      "track_inventory": true,
      "weight": "0.0:kg"
    }
  },
  {
    "model": "room.roomvariant",
    "pk": 296,
    "fields": {
      "private_metadata": {},
      "metadata": {},
      "sku": "62783187",
      "name": "S",
      "room": 115,
      "track_inventory": true,
      "weight": "0.0:kg",
      "default": true
    }
  },
  {
    "model": "room.roomvariant",
    "pk": 297,
    "fields": {
      "private_metadata": {},
      "metadata": {},
      "sku": "91406604",
      "name": "M",
      "room": 115,
      "track_inventory": true,
      "weight": "0.0:kg"
    }
  },
  {
    "model": "room.roomvariant",
    "pk": 298,
    "fields": {
      "private_metadata": {},
      "metadata": {},
      "sku": "22119503",
      "name": "L",
      "room": 115,
      "track_inventory": true,
      "weight": "0.0:kg"
    }
  },
  {
    "model": "room.roomvariant",
    "pk": 299,
    "fields": {
      "private_metadata": {},
      "metadata": {},
      "sku": "19230637",
      "name": "XL",
      "room": 115,
      "track_inventory": true,
      "weight": "0.0:kg"
    }
  },
  {
    "model": "room.roomvariant",
    "pk": 300,
    "fields": {
      "private_metadata": {},
      "metadata": {},
      "sku": "61630747",
      "name": "XXL",
      "room": 115,
      "track_inventory": true,
      "weight": "0.0:kg"
    }
  },
  {
    "model": "room.roomvariant",
    "pk": 301,
    "fields": {
      "private_metadata": {},
      "metadata": {},
      "sku": "15744278",
      "name": "S",
      "room": 116,
      "track_inventory": true,
      "weight": "0.0:kg",
      "default": true
    }
  },
  {
    "model": "room.roomvariant",
    "pk": 302,
    "fields": {
      "private_metadata": {},
      "metadata": {},
      "sku": "21599567",
      "name": "M",
      "room": 116,
      "track_inventory": true,
      "weight": "0.0:kg"
    }
  },
  {
    "model": "room.roomvariant",
    "pk": 303,
    "fields": {
      "private_metadata": {},
      "metadata": {},
      "sku": "65363253",
      "name": "L",
      "room": 116,
      "track_inventory": true,
      "weight": "0.0:kg"
    }
  },
  {
    "model": "room.roomvariant",
    "pk": 304,
    "fields": {
      "private_metadata": {},
      "metadata": {},
      "sku": "51987722",
      "name": "XL",
      "room": 116,
      "track_inventory": true,
      "weight": "0.0:kg"
    }
  },
  {
    "model": "room.roomvariant",
    "pk": 305,
    "fields": {
      "private_metadata": {},
      "metadata": {},
      "sku": "43313080",
      "name": "XXL",
      "room": 116,
      "track_inventory": true,
      "weight": "0.0:kg"
    }
  },
  {
    "model": "room.roomvariant",
    "pk": 306,
    "fields": {
      "private_metadata": {},
      "metadata": {},
      "sku": "33963052",
      "name": "S",
      "room": 117,
      "track_inventory": true,
      "weight": "0.0:kg",
      "default": true
    }
  },
  {
    "model": "room.roomvariant",
    "pk": 307,
    "fields": {
      "private_metadata": {},
      "metadata": {},
      "sku": "66846240",
      "name": "M",
      "room": 117,
      "track_inventory": true,
      "weight": "0.0:kg"
    }
  },
  {
    "model": "room.roomvariant",
    "pk": 308,
    "fields": {
      "private_metadata": {},
      "metadata": {},
      "sku": "55365141",
      "name": "L",
      "room": 117,
      "track_inventory": true,
      "weight": "0.0:kg"
    }
  },
  {
    "model": "room.roomvariant",
    "pk": 309,
    "fields": {
      "private_metadata": {},
      "metadata": {},
      "sku": "73186143",
      "name": "XL",
      "room": 117,
      "track_inventory": true,
      "weight": "0.0:kg"
    }
  },
  {
    "model": "room.roomvariant",
    "pk": 310,
    "fields": {
      "private_metadata": {},
      "metadata": {},
      "sku": "42651772",
      "name": "XXL",
      "room": 117,
      "track_inventory": true,
      "weight": "0.0:kg"
    }
  },
  {
    "model": "room.roomvariant",
    "pk": 311,
    "fields": {
      "private_metadata": {},
      "metadata": {},
      "sku": "70760297",
      "name": "S",
      "room": 118,
      "track_inventory": true,
      "weight": "0.0:kg",
      "default": true
    }
  },
  {
    "model": "room.roomvariant",
    "pk": 312,
    "fields": {
      "private_metadata": {},
      "metadata": {},
      "sku": "36334412",
      "name": "M",
      "room": 118,
      "track_inventory": true,
      "weight": "0.0:kg"
    }
  },
  {
    "model": "room.roomvariant",
    "pk": 313,
    "fields": {
      "private_metadata": {},
      "metadata": {},
      "sku": "35994675",
      "name": "L",
      "room": 118,
      "track_inventory": true,
      "weight": "0.0:kg"
    }
  },
  {
    "model": "room.roomvariant",
    "pk": 314,
    "fields": {
      "private_metadata": {},
      "metadata": {},
      "sku": "10404946",
      "name": "XL",
      "room": 118,
      "track_inventory": true,
      "weight": "0.0:kg"
    }
  },
  {
    "model": "room.roomvariant",
    "pk": 315,
    "fields": {
      "private_metadata": {},
      "metadata": {},
      "sku": "45507483",
      "name": "XXL",
      "room": 118,
      "track_inventory": true,
      "weight": "0.0:kg"
    }
  },
  {
    "model": "room.roomvariant",
    "pk": 316,
    "fields": {
      "private_metadata": {},
      "metadata": {},
      "sku": "sea-lullabies-mp3",
      "name": "MP3",
      "room": 119,
      "track_inventory": true,
      "weight": null,
      "default": true
    }
  },
  {
    "model": "room.roomvariant",
    "pk": 317,
    "fields": {
      "private_metadata": {},
      "metadata": {},
      "sku": "lake-tunes-mp3",
      "name": "MP3",
      "room": 120,
      "track_inventory": true,
      "weight": null,
      "default": true
    }
  },
  {
    "model": "room.roomvariant",
    "pk": 318,
    "fields": {
      "private_metadata": {},
      "metadata": {},
      "sku": "ocean-poems-mp3",
      "name": "MP3",
      "room": 121,
      "track_inventory": true,
      "weight": null,
      "default": true
    }
  },
  {
    "model": "room.roomvariant",
    "pk": 319,
    "fields": {
      "private_metadata": {},
      "metadata": {},
      "sku": "bathroom-songs-mp3",
      "name": "MP3",
      "room": 122,
      "track_inventory": true,
      "weight": null,
      "default": true
    }
  },
  {
    "model": "room.roomvariant",
    "pk": 320,
    "fields": {
      "private_metadata": {},
      "metadata": {},
      "sku": "lagoon-chants-mp3",
      "name": "MP3",
      "room": 123,
      "track_inventory": true,
      "weight": null,
      "default": true
    }
  },
  {
    "model": "room.roomvariant",
    "pk": 321,
    "fields": {
      "private_metadata": {},
      "metadata": {},
      "sku": "waterfall-ballads-mp3",
      "name": "MP3",
      "room": 124,
      "track_inventory": true,
      "weight": null,
      "default": true
    }
  },
  {
    "model": "room.roomvariantchannellisting",
    "pk": 1,
    "fields": {
      "variant": 314,
      "channel": 1,
      "currency": "USD",
      "price_amount": "5.000",
      "cost_price_amount": "10.000"
    }
  },
  {
    "model": "room.roomvariantchannellisting",
    "pk": 2,
    "fields": {
      "variant": 278,
      "channel": 1,
      "currency": "USD",
      "price_amount": "5.000",
      "cost_price_amount": "10.000"
    }
  },
  {
    "model": "room.roomvariantchannellisting",
    "pk": 3,
    "fields": {
      "variant": 253,
      "channel": 1,
      "currency": "USD",
      "price_amount": "5.000",
      "cost_price_amount": "10.000"
    }
  },
  {
    "model": "room.roomvariantchannellisting",
    "pk": 4,
    "fields": {
      "variant": 193,
      "channel": 1,
      "currency": "USD",
      "price_amount": "5.000",
      "cost_price_amount": null
    }
  },
  {
    "model": "room.roomvariantchannellisting",
    "pk": 5,
    "fields": {
      "variant": 194,
      "channel": 1,
      "currency": "USD",
      "price_amount": "5.000",
      "cost_price_amount": null
    }
  },
  {
    "model": "room.roomvariantchannellisting",
    "pk": 6,
    "fields": {
      "variant": 206,
      "channel": 1,
      "currency": "USD",
      "price_amount": "5.000",
      "cost_price_amount": "1.500"
    }
  },
  {
    "model": "room.roomvariantchannellisting",
    "pk": 7,
    "fields": {
      "variant": 301,
      "channel": 1,
      "currency": "USD",
      "price_amount": "5.000",
      "cost_price_amount": "10.000"
    }
  },
  {
    "model": "room.roomvariantchannellisting",
    "pk": 8,
    "fields": {
      "variant": 270,
      "channel": 1,
      "currency": "USD",
      "price_amount": "5.000",
      "cost_price_amount": "10.000"
    }
  },
  {
    "model": "room.roomvariantchannellisting",
    "pk": 9,
    "fields": {
      "variant": 299,
      "channel": 1,
      "currency": "USD",
      "price_amount": "5.000",
      "cost_price_amount": "10.000"
    }
  },
  {
    "model": "room.roomvariantchannellisting",
    "pk": 10,
    "fields": {
      "variant": 269,
      "channel": 1,
      "currency": "USD",
      "price_amount": "5.000",
      "cost_price_amount": "10.000"
    }
  },
  {
    "model": "room.roomvariantchannellisting",
    "pk": 11,
    "fields": {
      "variant": 225,
      "channel": 1,
      "currency": "USD",
      "price_amount": "7.000",
      "cost_price_amount": "2.000"
    }
  },
  {
    "model": "room.roomvariantchannellisting",
    "pk": 12,
    "fields": {
      "variant": 285,
      "channel": 1,
      "currency": "USD",
      "price_amount": "5.000",
      "cost_price_amount": "10.000"
    }
  },
  {
    "model": "room.roomvariantchannellisting",
    "pk": 13,
    "fields": {
      "variant": 302,
      "channel": 1,
      "currency": "USD",
      "price_amount": "5.000",
      "cost_price_amount": "10.000"
    }
  },
  {
    "model": "room.roomvariantchannellisting",
    "pk": 14,
    "fields": {
      "variant": 298,
      "channel": 1,
      "currency": "USD",
      "price_amount": "5.000",
      "cost_price_amount": "10.000"
    }
  },
  {
    "model": "room.roomvariantchannellisting",
    "pk": 15,
    "fields": {
      "variant": 266,
      "channel": 1,
      "currency": "USD",
      "price_amount": "5.000",
      "cost_price_amount": "10.000"
    }
  },
  {
    "model": "room.roomvariantchannellisting",
    "pk": 16,
    "fields": {
      "variant": 209,
      "channel": 1,
      "currency": "USD",
      "price_amount": "5.000",
      "cost_price_amount": "1.500"
    }
  },
  {
    "model": "room.roomvariantchannellisting",
    "pk": 17,
    "fields": {
      "variant": 283,
      "channel": 1,
      "currency": "USD",
      "price_amount": "5.000",
      "cost_price_amount": "10.000"
    }
  },
  {
    "model": "room.roomvariantchannellisting",
    "pk": 18,
    "fields": {
      "variant": 256,
      "channel": 1,
      "currency": "USD",
      "price_amount": "5.000",
      "cost_price_amount": "10.000"
    }
  },
  {
    "model": "room.roomvariantchannellisting",
    "pk": 19,
    "fields": {
      "variant": 286,
      "channel": 1,
      "currency": "USD",
      "price_amount": "5.000",
      "cost_price_amount": "10.000"
    }
  },
  {
    "model": "room.roomvariantchannellisting",
    "pk": 20,
    "fields": {
      "variant": 222,
      "channel": 1,
      "currency": "USD",
      "price_amount": "7.000",
      "cost_price_amount": "2.000"
    }
  },
  {
    "model": "room.roomvariantchannellisting",
    "pk": 21,
    "fields": {
      "variant": 255,
      "channel": 1,
      "currency": "USD",
      "price_amount": "5.000",
      "cost_price_amount": "10.000"
    }
  },
  {
    "model": "room.roomvariantchannellisting",
    "pk": 22,
    "fields": {
      "variant": 259,
      "channel": 1,
      "currency": "USD",
      "price_amount": "5.000",
      "cost_price_amount": "10.000"
    }
  },
  {
    "model": "room.roomvariantchannellisting",
    "pk": 23,
    "fields": {
      "variant": 252,
      "channel": 1,
      "currency": "USD",
      "price_amount": "5.000",
      "cost_price_amount": "10.000"
    }
  },
  {
    "model": "room.roomvariantchannellisting",
    "pk": 24,
    "fields": {
      "variant": 306,
      "channel": 1,
      "currency": "USD",
      "price_amount": "5.000",
      "cost_price_amount": "10.000"
    }
  },
  {
    "model": "room.roomvariantchannellisting",
    "pk": 25,
    "fields": {
      "variant": 293,
      "channel": 1,
      "currency": "USD",
      "price_amount": "5.000",
      "cost_price_amount": "10.000"
    }
  },
  {
    "model": "room.roomvariantchannellisting",
    "pk": 26,
    "fields": {
      "variant": 313,
      "channel": 1,
      "currency": "USD",
      "price_amount": "5.000",
      "cost_price_amount": "10.000"
    }
  },
  {
    "model": "room.roomvariantchannellisting",
    "pk": 27,
    "fields": {
      "variant": 267,
      "channel": 1,
      "currency": "USD",
      "price_amount": "5.000",
      "cost_price_amount": "10.000"
    }
  },
  {
    "model": "room.roomvariantchannellisting",
    "pk": 28,
    "fields": {
      "variant": 312,
      "channel": 1,
      "currency": "USD",
      "price_amount": "5.000",
      "cost_price_amount": "10.000"
    }
  },
  {
    "model": "room.roomvariantchannellisting",
    "pk": 29,
    "fields": {
      "variant": 268,
      "channel": 1,
      "currency": "USD",
      "price_amount": "5.000",
      "cost_price_amount": "10.000"
    }
  },
  {
    "model": "room.roomvariantchannellisting",
    "pk": 30,
    "fields": {
      "variant": 277,
      "channel": 1,
      "currency": "USD",
      "price_amount": "5.000",
      "cost_price_amount": "10.000"
    }
  },
  {
    "model": "room.roomvariantchannellisting",
    "pk": 31,
    "fields": {
      "variant": 214,
      "channel": 1,
      "currency": "USD",
      "price_amount": "5.000",
      "cost_price_amount": "1.000"
    }
  },
  {
    "model": "room.roomvariantchannellisting",
    "pk": 32,
    "fields": {
      "variant": 242,
      "channel": 1,
      "currency": "USD",
      "price_amount": "5.000",
      "cost_price_amount": "20.000"
    }
  },
  {
    "model": "room.roomvariantchannellisting",
    "pk": 33,
    "fields": {
      "variant": 243,
      "channel": 1,
      "currency": "USD",
      "price_amount": "5.000",
      "cost_price_amount": "20.000"
    }
  },
  {
    "model": "room.roomvariantchannellisting",
    "pk": 34,
    "fields": {
      "variant": 244,
      "channel": 1,
      "currency": "USD",
      "price_amount": "5.000",
      "cost_price_amount": "20.000"
    }
  },
  {
    "model": "room.roomvariantchannellisting",
    "pk": 35,
    "fields": {
      "variant": 245,
      "channel": 1,
      "currency": "USD",
      "price_amount": "5.000",
      "cost_price_amount": "20.000"
    }
  },
  {
    "model": "room.roomvariantchannellisting",
    "pk": 36,
    "fields": {
      "variant": 246,
      "channel": 1,
      "currency": "USD",
      "price_amount": "5.000",
      "cost_price_amount": "20.000"
    }
  },
  {
    "model": "room.roomvariantchannellisting",
    "pk": 37,
    "fields": {
      "variant": 284,
      "channel": 1,
      "currency": "USD",
      "price_amount": "5.000",
      "cost_price_amount": "10.000"
    }
  },
  {
    "model": "room.roomvariantchannellisting",
    "pk": 38,
    "fields": {
      "variant": 210,
      "channel": 1,
      "currency": "USD",
      "price_amount": "7.000",
      "cost_price_amount": "2.000"
    }
  },
  {
    "model": "room.roomvariantchannellisting",
    "pk": 39,
    "fields": {
      "variant": 310,
      "channel": 1,
      "currency": "USD",
      "price_amount": "5.000",
      "cost_price_amount": "10.000"
    }
  },
  {
    "model": "room.roomvariantchannellisting",
    "pk": 40,
    "fields": {
      "variant": 288,
      "channel": 1,
      "currency": "USD",
      "price_amount": "5.000",
      "cost_price_amount": "10.000"
    }
  },
  {
    "model": "room.roomvariantchannellisting",
    "pk": 41,
    "fields": {
      "variant": 211,
      "channel": 1,
      "currency": "USD",
      "price_amount": "5.000",
      "cost_price_amount": "1.000"
    }
  },
  {
    "model": "room.roomvariantchannellisting",
    "pk": 42,
    "fields": {
      "variant": 203,
      "channel": 1,
      "currency": "USD",
      "price_amount": "5.000",
      "cost_price_amount": "1.500"
    }
  },
  {
    "model": "room.roomvariantchannellisting",
    "pk": 43,
    "fields": {
      "variant": 305,
      "channel": 1,
      "currency": "USD",
      "price_amount": "5.000",
      "cost_price_amount": "10.000"
    }
  },
  {
    "model": "room.roomvariantchannellisting",
    "pk": 44,
    "fields": {
      "variant": 264,
      "channel": 1,
      "currency": "USD",
      "price_amount": "5.000",
      "cost_price_amount": "10.000"
    }
  },
  {
    "model": "room.roomvariantchannellisting",
    "pk": 45,
    "fields": {
      "variant": 261,
      "channel": 1,
      "currency": "USD",
      "price_amount": "5.000",
      "cost_price_amount": "10.000"
    }
  },
  {
    "model": "room.roomvariantchannellisting",
    "pk": 46,
    "fields": {
      "variant": 254,
      "channel": 1,
      "currency": "USD",
      "price_amount": "5.000",
      "cost_price_amount": "10.000"
    }
  },
  {
    "model": "room.roomvariantchannellisting",
    "pk": 47,
    "fields": {
      "variant": 295,
      "channel": 1,
      "currency": "USD",
      "price_amount": "5.000",
      "cost_price_amount": "10.000"
    }
  },
  {
    "model": "room.roomvariantchannellisting",
    "pk": 48,
    "fields": {
      "variant": 208,
      "channel": 1,
      "currency": "USD",
      "price_amount": "5.000",
      "cost_price_amount": "1.000"
    }
  },
  {
    "model": "room.roomvariantchannellisting",
    "pk": 49,
    "fields": {
      "variant": 315,
      "channel": 1,
      "currency": "USD",
      "price_amount": "5.000",
      "cost_price_amount": "10.000"
    }
  },
  {
    "model": "room.roomvariantchannellisting",
    "pk": 50,
    "fields": {
      "variant": 272,
      "channel": 1,
      "currency": "USD",
      "price_amount": "5.000",
      "cost_price_amount": "10.000"
    }
  },
  {
    "model": "room.roomvariantchannellisting",
    "pk": 51,
    "fields": {
      "variant": 258,
      "channel": 1,
      "currency": "USD",
      "price_amount": "5.000",
      "cost_price_amount": "10.000"
    }
  },
  {
    "model": "room.roomvariantchannellisting",
    "pk": 52,
    "fields": {
      "variant": 304,
      "channel": 1,
      "currency": "USD",
      "price_amount": "5.000",
      "cost_price_amount": "10.000"
    }
  },
  {
    "model": "room.roomvariantchannellisting",
    "pk": 53,
    "fields": {
      "variant": 171,
      "channel": 1,
      "currency": "USD",
      "price_amount": "15.000",
      "cost_price_amount": "5.000"
    }
  },
  {
    "model": "room.roomvariantchannellisting",
    "pk": 54,
    "fields": {
      "variant": 172,
      "channel": 1,
      "currency": "USD",
      "price_amount": "35.000",
      "cost_price_amount": "10.000"
    }
  },
  {
    "model": "room.roomvariantchannellisting",
    "pk": 55,
    "fields": {
      "variant": 173,
      "channel": 1,
      "currency": "USD",
      "price_amount": "49.000",
      "cost_price_amount": "20.000"
    }
  },
  {
    "model": "room.roomvariantchannellisting",
    "pk": 56,
    "fields": {
      "variant": 282,
      "channel": 1,
      "currency": "USD",
      "price_amount": "5.000",
      "cost_price_amount": "10.000"
    }
  },
  {
    "model": "room.roomvariantchannellisting",
    "pk": 57,
    "fields": {
      "variant": 308,
      "channel": 1,
      "currency": "USD",
      "price_amount": "5.000",
      "cost_price_amount": "10.000"
    }
  },
  {
    "model": "room.roomvariantchannellisting",
    "pk": 58,
    "fields": {
      "variant": 223,
      "channel": 1,
      "currency": "USD",
      "price_amount": "5.000",
      "cost_price_amount": "1.000"
    }
  },
  {
    "model": "room.roomvariantchannellisting",
    "pk": 59,
    "fields": {
      "variant": 224,
      "channel": 1,
      "currency": "USD",
      "price_amount": "5.000",
      "cost_price_amount": "1.500"
    }
  },
  {
    "model": "room.roomvariantchannellisting",
    "pk": 60,
    "fields": {
      "variant": 287,
      "channel": 1,
      "currency": "USD",
      "price_amount": "5.000",
      "cost_price_amount": "10.000"
    }
  },
  {
    "model": "room.roomvariantchannellisting",
    "pk": 61,
    "fields": {
      "variant": 215,
      "channel": 1,
      "currency": "USD",
      "price_amount": "5.000",
      "cost_price_amount": "1.500"
    }
  },
  {
    "model": "room.roomvariantchannellisting",
    "pk": 62,
    "fields": {
      "variant": 263,
      "channel": 1,
      "currency": "USD",
      "price_amount": "5.000",
      "cost_price_amount": "10.000"
    }
  },
  {
    "model": "room.roomvariantchannellisting",
    "pk": 63,
    "fields": {
      "variant": 265,
      "channel": 1,
      "currency": "USD",
      "price_amount": "5.000",
      "cost_price_amount": "10.000"
    }
  },
  {
    "model": "room.roomvariantchannellisting",
    "pk": 64,
    "fields": {
      "variant": 220,
      "channel": 1,
      "currency": "USD",
      "price_amount": "5.000",
      "cost_price_amount": "1.000"
    }
  },
  {
    "model": "room.roomvariantchannellisting",
    "pk": 65,
    "fields": {
      "variant": 300,
      "channel": 1,
      "currency": "USD",
      "price_amount": "5.000",
      "cost_price_amount": "10.000"
    }
  },
  {
    "model": "room.roomvariantchannellisting",
    "pk": 66,
    "fields": {
      "variant": 207,
      "channel": 1,
      "currency": "USD",
      "price_amount": "7.000",
      "cost_price_amount": "2.000"
    }
  },
  {
    "model": "room.roomvariantchannellisting",
    "pk": 67,
    "fields": {
      "variant": 296,
      "channel": 1,
      "currency": "USD",
      "price_amount": "5.000",
      "cost_price_amount": "10.000"
    }
  },
  {
    "model": "room.roomvariantchannellisting",
    "pk": 68,
    "fields": {
      "variant": 303,
      "channel": 1,
      "currency": "USD",
      "price_amount": "5.000",
      "cost_price_amount": "10.000"
    }
  },
  {
    "model": "room.roomvariantchannellisting",
    "pk": 69,
    "fields": {
      "variant": 257,
      "channel": 1,
      "currency": "USD",
      "price_amount": "5.000",
      "cost_price_amount": "10.000"
    }
  },
  {
    "model": "room.roomvariantchannellisting",
    "pk": 70,
    "fields": {
      "variant": 307,
      "channel": 1,
      "currency": "USD",
      "price_amount": "5.000",
      "cost_price_amount": "10.000"
    }
  },
  {
    "model": "room.roomvariantchannellisting",
    "pk": 71,
    "fields": {
      "variant": 205,
      "channel": 1,
      "currency": "USD",
      "price_amount": "5.000",
      "cost_price_amount": "1.000"
    }
  },
  {
    "model": "room.roomvariantchannellisting",
    "pk": 72,
    "fields": {
      "variant": 292,
      "channel": 1,
      "currency": "USD",
      "price_amount": "5.000",
      "cost_price_amount": "10.000"
    }
  },
  {
    "model": "room.roomvariantchannellisting",
    "pk": 73,
    "fields": {
      "variant": 198,
      "channel": 1,
      "currency": "USD",
      "price_amount": "5.000",
      "cost_price_amount": "12.000"
    }
  },
  {
    "model": "room.roomvariantchannellisting",
    "pk": 74,
    "fields": {
      "variant": 197,
      "channel": 1,
      "currency": "USD",
      "price_amount": "20.000",
      "cost_price_amount": "11.000"
    }
  },
  {
    "model": "room.roomvariantchannellisting",
    "pk": 75,
    "fields": {
      "variant": 217,
      "channel": 1,
      "currency": "USD",
      "price_amount": "5.000",
      "cost_price_amount": "1.000"
    }
  },
  {
    "model": "room.roomvariantchannellisting",
    "pk": 76,
    "fields": {
      "variant": 311,
      "channel": 1,
      "currency": "USD",
      "price_amount": "5.000",
      "cost_price_amount": "10.000"
    }
  },
  {
    "model": "room.roomvariantchannellisting",
    "pk": 77,
    "fields": {
      "variant": 273,
      "channel": 1,
      "currency": "USD",
      "price_amount": "5.000",
      "cost_price_amount": "10.000"
    }
  },
  {
    "model": "room.roomvariantchannellisting",
    "pk": 78,
    "fields": {
      "variant": 289,
      "channel": 1,
      "currency": "USD",
      "price_amount": "5.000",
      "cost_price_amount": "10.000"
    }
  },
  {
    "model": "room.roomvariantchannellisting",
    "pk": 79,
    "fields": {
      "variant": 309,
      "channel": 1,
      "currency": "USD",
      "price_amount": "5.000",
      "cost_price_amount": "10.000"
    }
  },
  {
    "model": "room.roomvariantchannellisting",
    "pk": 80,
    "fields": {
      "variant": 213,
      "channel": 1,
      "currency": "USD",
      "price_amount": "7.000",
      "cost_price_amount": "2.000"
    }
  },
  {
    "model": "room.roomvariantchannellisting",
    "pk": 81,
    "fields": {
      "variant": 281,
      "channel": 1,
      "currency": "USD",
      "price_amount": "5.000",
      "cost_price_amount": "10.000"
    }
  },
  {
    "model": "room.roomvariantchannellisting",
    "pk": 82,
    "fields": {
      "variant": 291,
      "channel": 1,
      "currency": "USD",
      "price_amount": "5.000",
      "cost_price_amount": "10.000"
    }
  },
  {
    "model": "room.roomvariantchannellisting",
    "pk": 83,
    "fields": {
      "variant": 212,
      "channel": 1,
      "currency": "USD",
      "price_amount": "5.000",
      "cost_price_amount": "1.500"
    }
  },
  {
    "model": "room.roomvariantchannellisting",
    "pk": 84,
    "fields": {
      "variant": 219,
      "channel": 1,
      "currency": "USD",
      "price_amount": "7.000",
      "cost_price_amount": "2.000"
    }
  },
  {
    "model": "room.roomvariantchannellisting",
    "pk": 85,
    "fields": {
      "variant": 204,
      "channel": 1,
      "currency": "USD",
      "price_amount": "7.000",
      "cost_price_amount": "2.000"
    }
  },
  {
    "model": "room.roomvariantchannellisting",
    "pk": 86,
    "fields": {
      "variant": 276,
      "channel": 1,
      "currency": "USD",
      "price_amount": "5.000",
      "cost_price_amount": "10.000"
    }
  },
  {
    "model": "room.roomvariantchannellisting",
    "pk": 87,
    "fields": {
      "variant": 221,
      "channel": 1,
      "currency": "USD",
      "price_amount": "5.000",
      "cost_price_amount": "1.500"
    }
  },
  {
    "model": "room.roomvariantchannellisting",
    "pk": 88,
    "fields": {
      "variant": 279,
      "channel": 1,
      "currency": "USD",
      "price_amount": "5.000",
      "cost_price_amount": "10.000"
    }
  },
  {
    "model": "room.roomvariantchannellisting",
    "pk": 89,
    "fields": {
      "variant": 216,
      "channel": 1,
      "currency": "USD",
      "price_amount": "7.000",
      "cost_price_amount": "2.000"
    }
  },
  {
    "model": "room.roomvariantchannellisting",
    "pk": 90,
    "fields": {
      "variant": 274,
      "channel": 1,
      "currency": "USD",
      "price_amount": "5.000",
      "cost_price_amount": "10.000"
    }
  },
  {
    "model": "room.roomvariantchannellisting",
    "pk": 91,
    "fields": {
      "variant": 260,
      "channel": 1,
      "currency": "USD",
      "price_amount": "5.000",
      "cost_price_amount": "10.000"
    }
  },
  {
    "model": "room.roomvariantchannellisting",
    "pk": 92,
    "fields": {
      "variant": 275,
      "channel": 1,
      "currency": "USD",
      "price_amount": "5.000",
      "cost_price_amount": "10.000"
    }
  },
  {
    "model": "room.roomvariantchannellisting",
    "pk": 93,
    "fields": {
      "variant": 262,
      "channel": 1,
      "currency": "USD",
      "price_amount": "5.000",
      "cost_price_amount": "10.000"
    }
  },
  {
    "model": "room.roomvariantchannellisting",
    "pk": 94,
    "fields": {
      "variant": 297,
      "channel": 1,
      "currency": "USD",
      "price_amount": "5.000",
      "cost_price_amount": "10.000"
    }
  },
  {
    "model": "room.roomvariantchannellisting",
    "pk": 95,
    "fields": {
      "variant": 280,
      "channel": 1,
      "currency": "USD",
      "price_amount": "5.000",
      "cost_price_amount": "10.000"
    }
  },
  {
    "model": "room.roomvariantchannellisting",
    "pk": 96,
    "fields": {
      "variant": 250,
      "channel": 1,
      "currency": "USD",
      "price_amount": "5.000",
      "cost_price_amount": "20.000"
    }
  },
  {
    "model": "room.roomvariantchannellisting",
    "pk": 97,
    "fields": {
      "variant": 249,
      "channel": 1,
      "currency": "USD",
      "price_amount": "5.000",
      "cost_price_amount": null
    }
  },
  {
    "model": "room.roomvariantchannellisting",
    "pk": 98,
    "fields": {
      "variant": 191,
      "channel": 1,
      "currency": "USD",
      "price_amount": "5.000",
      "cost_price_amount": "1.500"
    }
  },
  {
    "model": "room.roomvariantchannellisting",
    "pk": 99,
    "fields": {
      "variant": 202,
      "channel": 1,
      "currency": "USD",
      "price_amount": "5.000",
      "cost_price_amount": "1.000"
    }
  },
  {
    "model": "room.roomvariantchannellisting",
    "pk": 100,
    "fields": {
      "variant": 218,
      "channel": 1,
      "currency": "USD",
      "price_amount": "5.000",
      "cost_price_amount": "1.500"
    }
  },
  {
    "model": "room.roomvariantchannellisting",
    "pk": 101,
    "fields": {
      "variant": 248,
      "channel": 1,
      "currency": "USD",
      "price_amount": "5.000",
      "cost_price_amount": "20.000"
    }
  },
  {
    "model": "room.roomvariantchannellisting",
    "pk": 102,
    "fields": {
      "variant": 271,
      "channel": 1,
      "currency": "USD",
      "price_amount": "5.000",
      "cost_price_amount": "10.000"
    }
  },
  {
    "model": "room.roomvariantchannellisting",
    "pk": 103,
    "fields": {
      "variant": 195,
      "channel": 1,
      "currency": "USD",
      "price_amount": "5.000",
      "cost_price_amount": null
    }
  },
  {
    "model": "room.roomvariantchannellisting",
    "pk": 104,
    "fields": {
      "variant": 196,
      "channel": 1,
      "currency": "USD",
      "price_amount": "5.000",
      "cost_price_amount": null
    }
  },
  {
    "model": "room.roomvariantchannellisting",
    "pk": 105,
    "fields": {
      "variant": 290,
      "channel": 1,
      "currency": "USD",
      "price_amount": "5.000",
      "cost_price_amount": "10.000"
    }
  },
  {
    "model": "room.roomvariantchannellisting",
    "pk": 106,
    "fields": {
      "variant": 199,
      "channel": 1,
      "currency": "USD",
      "price_amount": "5.000",
      "cost_price_amount": "13.000"
    }
  },
  {
    "model": "room.roomvariantchannellisting",
    "pk": 107,
    "fields": {
      "variant": 192,
      "channel": 1,
      "currency": "USD",
      "price_amount": "7.000",
      "cost_price_amount": "2.000"
    }
  },
  {
    "model": "room.roomvariantchannellisting",
    "pk": 108,
    "fields": {
      "variant": 190,
      "channel": 1,
      "currency": "USD",
      "price_amount": "5.000",
      "cost_price_amount": "1.000"
    }
  },
  {
    "model": "room.roomvariantchannellisting",
    "pk": 109,
    "fields": {
      "variant": 251,
      "channel": 1,
      "currency": "USD",
      "price_amount": "5.000",
      "cost_price_amount": "10.000"
    }
  },
  {
    "model": "room.roomvariantchannellisting",
    "pk": 110,
    "fields": {
      "variant": 294,
      "channel": 1,
      "currency": "USD",
      "price_amount": "5.000",
      "cost_price_amount": "10.000"
    }
  },
  {
    "model": "room.roomvariantchannellisting",
    "pk": 111,
    "fields": {
      "variant": 247,
      "channel": 1,
      "currency": "USD",
      "price_amount": "5.000",
      "cost_price_amount": "10.000"
    }
  },
  {
    "model": "room.roomvariantchannellisting",
    "pk": 112,
    "fields": {
      "variant": 177,
      "channel": 1,
      "currency": "USD",
      "price_amount": "15.000",
      "cost_price_amount": "5.000"
    }
  },
  {
    "model": "room.roomvariantchannellisting",
    "pk": 113,
    "fields": {
      "variant": 178,
      "channel": 1,
      "currency": "USD",
      "price_amount": "25.000",
      "cost_price_amount": "10.000"
    }
  },
  {
    "model": "room.roomvariantchannellisting",
    "pk": 114,
    "fields": {
      "variant": 179,
      "channel": 1,
      "currency": "USD",
      "price_amount": "49.000",
      "cost_price_amount": "20.000"
    }
  },
  {
    "model": "room.roomvariantchannellisting",
    "pk": 115,
    "fields": {
      "variant": 200,
      "channel": 1,
      "currency": "USD",
      "price_amount": "5.000",
      "cost_price_amount": "13.000"
    }
  },
  {
    "model": "room.roomvariantchannellisting",
    "pk": 116,
    "fields": {
      "variant": 174,
      "channel": 1,
      "currency": "USD",
      "price_amount": "15.000",
      "cost_price_amount": "5.000"
    }
  },
  {
    "model": "room.roomvariantchannellisting",
    "pk": 117,
    "fields": {
      "variant": 176,
      "channel": 1,
      "currency": "USD",
      "price_amount": "49.000",
      "cost_price_amount": "25.000"
    }
  },
  {
    "model": "room.roomvariantchannellisting",
    "pk": 118,
    "fields": {
      "variant": 175,
      "channel": 1,
      "currency": "USD",
      "price_amount": "25.000",
      "cost_price_amount": "10.000"
    }
  },
  {
    "model": "room.roomvariantchannellisting",
    "pk": 119,
    "fields": {
      "variant": 180,
      "channel": 1,
      "currency": "USD",
      "price_amount": "15.000",
      "cost_price_amount": "5.000"
    }
  },
  {
    "model": "room.roomvariantchannellisting",
    "pk": 120,
    "fields": {
      "variant": 181,
      "channel": 1,
      "currency": "USD",
      "price_amount": "30.000",
      "cost_price_amount": "10.000"
    }
  },
  {
    "model": "room.roomvariantchannellisting",
    "pk": 121,
    "fields": {
      "variant": 182,
      "channel": 1,
      "currency": "USD",
      "price_amount": "49.000",
      "cost_price_amount": "15.000"
    }
  },
  {
    "model": "room.roomvariantchannellisting",
    "pk": 122,
    "fields": {
      "variant": 183,
      "channel": 1,
      "currency": "USD",
      "price_amount": "15.000",
      "cost_price_amount": "5.000"
    }
  },
  {
    "model": "room.roomvariantchannellisting",
    "pk": 123,
    "fields": {
      "variant": 184,
      "channel": 1,
      "currency": "USD",
      "price_amount": "30.000",
      "cost_price_amount": "10.000"
    }
  },
  {
    "model": "room.roomvariantchannellisting",
    "pk": 124,
    "fields": {
      "variant": 185,
      "channel": 1,
      "currency": "USD",
      "price_amount": "49.000",
      "cost_price_amount": "15.000"
    }
  },
  {
    "model": "room.roomvariantchannellisting",
    "pk": 125,
    "fields": {
      "variant": 319,
      "channel": 1,
      "currency": "USD",
      "price_amount": "9.990",
      "cost_price_amount": null
    }
  },
  {
    "model": "room.roomvariantchannellisting",
    "pk": 126,
    "fields": {
      "variant": 320,
      "channel": 1,
      "currency": "USD",
      "price_amount": "9.990",
      "cost_price_amount": null
    }
  },
  {
    "model": "room.roomvariantchannellisting",
    "pk": 127,
    "fields": {
      "variant": 317,
      "channel": 1,
      "currency": "USD",
      "price_amount": "9.990",
      "cost_price_amount": null
    }
  },
  {
    "model": "room.roomvariantchannellisting",
    "pk": 128,
    "fields": {
      "variant": 318,
      "channel": 1,
      "currency": "USD",
      "price_amount": "9.990",
      "cost_price_amount": null
    }
  },
  {
    "model": "room.roomvariantchannellisting",
    "pk": 129,
    "fields": {
      "variant": 316,
      "channel": 1,
      "currency": "USD",
      "price_amount": "9.990",
      "cost_price_amount": null
    }
  },
  {
    "model": "room.roomvariantchannellisting",
    "pk": 130,
    "fields": {
      "variant": 321,
      "channel": 1,
      "currency": "USD",
      "price_amount": "9.990",
      "cost_price_amount": null
    }
  },
  {
    "model": "room.roomvariantchannellisting",
    "pk": 131,
    "fields": {
      "variant": 203,
      "channel": 2,
      "currency": "PLN",
      "price_amount": "20.000",
      "cost_price_amount": "6.000"
    }
  },
  {
    "model": "room.roomvariantchannellisting",
    "pk": 132,
    "fields": {
      "variant": 204,
      "channel": 2,
      "currency": "PLN",
      "price_amount": "28.000",
      "cost_price_amount": "8.000"
    }
  },
  {
    "model": "room.roomvariantchannellisting",
    "pk": 133,
    "fields": {
      "variant": 202,
      "channel": 2,
      "currency": "PLN",
      "price_amount": "20.000",
      "cost_price_amount": "4.000"
    }
  },
  {
    "model": "room.roomvariantchannellisting",
    "pk": 134,
    "fields": {
      "variant": 209,
      "channel": 2,
      "currency": "PLN",
      "price_amount": "20.000",
      "cost_price_amount": "6.000"
    }
  },
  {
    "model": "room.roomvariantchannellisting",
    "pk": 135,
    "fields": {
      "variant": 210,
      "channel": 2,
      "currency": "PLN",
      "price_amount": "28.000",
      "cost_price_amount": "8.000"
    }
  },
  {
    "model": "room.roomvariantchannellisting",
    "pk": 136,
    "fields": {
      "variant": 208,
      "channel": 2,
      "currency": "PLN",
      "price_amount": "20.000",
      "cost_price_amount": "4.000"
    }
  },
  {
    "model": "room.roomvariantchannellisting",
    "pk": 137,
    "fields": {
      "variant": 319,
      "channel": 2,
      "currency": "PLN",
      "price_amount": "39.960",
      "cost_price_amount": null
    }
  },
  {
    "model": "room.roomvariantchannellisting",
    "pk": 138,
    "fields": {
      "variant": 225,
      "channel": 2,
      "currency": "PLN",
      "price_amount": "28.000",
      "cost_price_amount": "8.000"
    }
  },
  {
    "model": "room.roomvariantchannellisting",
    "pk": 139,
    "fields": {
      "variant": 223,
      "channel": 2,
      "currency": "PLN",
      "price_amount": "20.000",
      "cost_price_amount": "4.000"
    }
  },
  {
    "model": "room.roomvariantchannellisting",
    "pk": 140,
    "fields": {
      "variant": 224,
      "channel": 2,
      "currency": "PLN",
      "price_amount": "20.000",
      "cost_price_amount": "6.000"
    }
  },
  {
    "model": "room.roomvariantchannellisting",
    "pk": 141,
    "fields": {
      "variant": 299,
      "channel": 2,
      "currency": "PLN",
      "price_amount": "20.000",
      "cost_price_amount": "40.000"
    }
  },
  {
    "model": "room.roomvariantchannellisting",
    "pk": 142,
    "fields": {
      "variant": 298,
      "channel": 2,
      "currency": "PLN",
      "price_amount": "20.000",
      "cost_price_amount": "40.000"
    }
  },
  {
    "model": "room.roomvariantchannellisting",
    "pk": 143,
    "fields": {
      "variant": 300,
      "channel": 2,
      "currency": "PLN",
      "price_amount": "20.000",
      "cost_price_amount": "40.000"
    }
  },
  {
    "model": "room.roomvariantchannellisting",
    "pk": 144,
    "fields": {
      "variant": 296,
      "channel": 2,
      "currency": "PLN",
      "price_amount": "20.000",
      "cost_price_amount": "40.000"
    }
  },
  {
    "model": "room.roomvariantchannellisting",
    "pk": 145,
    "fields": {
      "variant": 297,
      "channel": 2,
      "currency": "PLN",
      "price_amount": "20.000",
      "cost_price_amount": "40.000"
    }
  },
  {
    "model": "room.roomvariantchannellisting",
    "pk": 146,
    "fields": {
      "variant": 301,
      "channel": 2,
      "currency": "PLN",
      "price_amount": "20.000",
      "cost_price_amount": "40.000"
    }
  },
  {
    "model": "room.roomvariantchannellisting",
    "pk": 147,
    "fields": {
      "variant": 302,
      "channel": 2,
      "currency": "PLN",
      "price_amount": "20.000",
      "cost_price_amount": "40.000"
    }
  },
  {
    "model": "room.roomvariantchannellisting",
    "pk": 148,
    "fields": {
      "variant": 305,
      "channel": 2,
      "currency": "PLN",
      "price_amount": "20.000",
      "cost_price_amount": "40.000"
    }
  },
  {
    "model": "room.roomvariantchannellisting",
    "pk": 149,
    "fields": {
      "variant": 304,
      "channel": 2,
      "currency": "PLN",
      "price_amount": "20.000",
      "cost_price_amount": "40.000"
    }
  },
  {
    "model": "room.roomvariantchannellisting",
    "pk": 150,
    "fields": {
      "variant": 303,
      "channel": 2,
      "currency": "PLN",
      "price_amount": "20.000",
      "cost_price_amount": "40.000"
    }
  },
  {
    "model": "room.roomvariantchannellisting",
    "pk": 151,
    "fields": {
      "variant": 206,
      "channel": 2,
      "currency": "PLN",
      "price_amount": "20.000",
      "cost_price_amount": "6.000"
    }
  },
  {
    "model": "room.roomvariantchannellisting",
    "pk": 152,
    "fields": {
      "variant": 207,
      "channel": 2,
      "currency": "PLN",
      "price_amount": "28.000",
      "cost_price_amount": "8.000"
    }
  },
  {
    "model": "room.roomvariantchannellisting",
    "pk": 153,
    "fields": {
      "variant": 205,
      "channel": 2,
      "currency": "PLN",
      "price_amount": "20.000",
      "cost_price_amount": "4.000"
    }
  },
  {
    "model": "room.roomvariantchannellisting",
    "pk": 154,
    "fields": {
      "variant": 214,
      "channel": 2,
      "currency": "PLN",
      "price_amount": "20.000",
      "cost_price_amount": "4.000"
    }
  },
  {
    "model": "room.roomvariantchannellisting",
    "pk": 155,
    "fields": {
      "variant": 215,
      "channel": 2,
      "currency": "PLN",
      "price_amount": "20.000",
      "cost_price_amount": "6.000"
    }
  },
  {
    "model": "room.roomvariantchannellisting",
    "pk": 156,
    "fields": {
      "variant": 216,
      "channel": 2,
      "currency": "PLN",
      "price_amount": "28.000",
      "cost_price_amount": "8.000"
    }
  },
  {
    "model": "room.roomvariantchannellisting",
    "pk": 157,
    "fields": {
      "variant": 253,
      "channel": 2,
      "currency": "PLN",
      "price_amount": "20.000",
      "cost_price_amount": "40.000"
    }
  },
  {
    "model": "room.roomvariantchannellisting",
    "pk": 158,
    "fields": {
      "variant": 255,
      "channel": 2,
      "currency": "PLN",
      "price_amount": "20.000",
      "cost_price_amount": "40.000"
    }
  },
  {
    "model": "room.roomvariantchannellisting",
    "pk": 159,
    "fields": {
      "variant": 252,
      "channel": 2,
      "currency": "PLN",
      "price_amount": "20.000",
      "cost_price_amount": "40.000"
    }
  },
  {
    "model": "room.roomvariantchannellisting",
    "pk": 160,
    "fields": {
      "variant": 254,
      "channel": 2,
      "currency": "PLN",
      "price_amount": "20.000",
      "cost_price_amount": "40.000"
    }
  },
  {
    "model": "room.roomvariantchannellisting",
    "pk": 161,
    "fields": {
      "variant": 251,
      "channel": 2,
      "currency": "PLN",
      "price_amount": "20.000",
      "cost_price_amount": "40.000"
    }
  },
  {
    "model": "room.roomvariantchannellisting",
    "pk": 162,
    "fields": {
      "variant": 198,
      "channel": 2,
      "currency": "PLN",
      "price_amount": "20.000",
      "cost_price_amount": "48.000"
    }
  },
  {
    "model": "room.roomvariantchannellisting",
    "pk": 163,
    "fields": {
      "variant": 197,
      "channel": 2,
      "currency": "PLN",
      "price_amount": "80.000",
      "cost_price_amount": "44.000"
    }
  },
  {
    "model": "room.roomvariantchannellisting",
    "pk": 164,
    "fields": {
      "variant": 222,
      "channel": 2,
      "currency": "PLN",
      "price_amount": "28.000",
      "cost_price_amount": "8.000"
    }
  },
  {
    "model": "room.roomvariantchannellisting",
    "pk": 165,
    "fields": {
      "variant": 220,
      "channel": 2,
      "currency": "PLN",
      "price_amount": "20.000",
      "cost_price_amount": "4.000"
    }
  },
  {
    "model": "room.roomvariantchannellisting",
    "pk": 166,
    "fields": {
      "variant": 221,
      "channel": 2,
      "currency": "PLN",
      "price_amount": "20.000",
      "cost_price_amount": "6.000"
    }
  },
  {
    "model": "room.roomvariantchannellisting",
    "pk": 167,
    "fields": {
      "variant": 183,
      "channel": 2,
      "currency": "PLN",
      "price_amount": "60.000",
      "cost_price_amount": "20.000"
    }
  },
  {
    "model": "room.roomvariantchannellisting",
    "pk": 168,
    "fields": {
      "variant": 184,
      "channel": 2,
      "currency": "PLN",
      "price_amount": "120.000",
      "cost_price_amount": "40.000"
    }
  },
  {
    "model": "room.roomvariantchannellisting",
    "pk": 169,
    "fields": {
      "variant": 185,
      "channel": 2,
      "currency": "PLN",
      "price_amount": "196.000",
      "cost_price_amount": "60.000"
    }
  },
  {
    "model": "room.roomvariantchannellisting",
    "pk": 170,
    "fields": {
      "variant": 320,
      "channel": 2,
      "currency": "PLN",
      "price_amount": "39.960",
      "cost_price_amount": null
    }
  },
  {
    "model": "room.roomvariantchannellisting",
    "pk": 171,
    "fields": {
      "variant": 317,
      "channel": 2,
      "currency": "PLN",
      "price_amount": "39.960",
      "cost_price_amount": null
    }
  },
  {
    "model": "room.roomvariantchannellisting",
    "pk": 172,
    "fields": {
      "variant": 180,
      "channel": 2,
      "currency": "PLN",
      "price_amount": "60.000",
      "cost_price_amount": "20.000"
    }
  },
  {
    "model": "room.roomvariantchannellisting",
    "pk": 173,
    "fields": {
      "variant": 181,
      "channel": 2,
      "currency": "PLN",
      "price_amount": "120.000",
      "cost_price_amount": "40.000"
    }
  },
  {
    "model": "room.roomvariantchannellisting",
    "pk": 174,
    "fields": {
      "variant": 182,
      "channel": 2,
      "currency": "PLN",
      "price_amount": "196.000",
      "cost_price_amount": "60.000"
    }
  },
  {
    "model": "room.roomvariantchannellisting",
    "pk": 175,
    "fields": {
      "variant": 306,
      "channel": 2,
      "currency": "PLN",
      "price_amount": "20.000",
      "cost_price_amount": "40.000"
    }
  },
  {
    "model": "room.roomvariantchannellisting",
    "pk": 176,
    "fields": {
      "variant": 310,
      "channel": 2,
      "currency": "PLN",
      "price_amount": "20.000",
      "cost_price_amount": "40.000"
    }
  },
  {
    "model": "room.roomvariantchannellisting",
    "pk": 177,
    "fields": {
      "variant": 308,
      "channel": 2,
      "currency": "PLN",
      "price_amount": "20.000",
      "cost_price_amount": "40.000"
    }
  },
  {
    "model": "room.roomvariantchannellisting",
    "pk": 178,
    "fields": {
      "variant": 307,
      "channel": 2,
      "currency": "PLN",
      "price_amount": "20.000",
      "cost_price_amount": "40.000"
    }
  },
  {
    "model": "room.roomvariantchannellisting",
    "pk": 179,
    "fields": {
      "variant": 309,
      "channel": 2,
      "currency": "PLN",
      "price_amount": "20.000",
      "cost_price_amount": "40.000"
    }
  },
  {
    "model": "room.roomvariantchannellisting",
    "pk": 180,
    "fields": {
      "variant": 171,
      "channel": 2,
      "currency": "PLN",
      "price_amount": "60.000",
      "cost_price_amount": "20.000"
    }
  },
  {
    "model": "room.roomvariantchannellisting",
    "pk": 181,
    "fields": {
      "variant": 172,
      "channel": 2,
      "currency": "PLN",
      "price_amount": "140.000",
      "cost_price_amount": "40.000"
    }
  },
  {
    "model": "room.roomvariantchannellisting",
    "pk": 182,
    "fields": {
      "variant": 173,
      "channel": 2,
      "currency": "PLN",
      "price_amount": "196.000",
      "cost_price_amount": "80.000"
    }
  },
  {
    "model": "room.roomvariantchannellisting",
    "pk": 183,
    "fields": {
      "variant": 318,
      "channel": 2,
      "currency": "PLN",
      "price_amount": "39.960",
      "cost_price_amount": null
    }
  },
  {
    "model": "room.roomvariantchannellisting",
    "pk": 184,
    "fields": {
      "variant": 191,
      "channel": 2,
      "currency": "PLN",
      "price_amount": "20.000",
      "cost_price_amount": "6.000"
    }
  },
  {
    "model": "room.roomvariantchannellisting",
    "pk": 185,
    "fields": {
      "variant": 192,
      "channel": 2,
      "currency": "PLN",
      "price_amount": "28.000",
      "cost_price_amount": "8.000"
    }
  },
  {
    "model": "room.roomvariantchannellisting",
    "pk": 186,
    "fields": {
      "variant": 190,
      "channel": 2,
      "currency": "PLN",
      "price_amount": "20.000",
      "cost_price_amount": "4.000"
    }
  },
  {
    "model": "room.roomvariantchannellisting",
    "pk": 187,
    "fields": {
      "variant": 211,
      "channel": 2,
      "currency": "PLN",
      "price_amount": "20.000",
      "cost_price_amount": "4.000"
    }
  },
  {
    "model": "room.roomvariantchannellisting",
    "pk": 188,
    "fields": {
      "variant": 213,
      "channel": 2,
      "currency": "PLN",
      "price_amount": "28.000",
      "cost_price_amount": "8.000"
    }
  },
  {
    "model": "room.roomvariantchannellisting",
    "pk": 189,
    "fields": {
      "variant": 212,
      "channel": 2,
      "currency": "PLN",
      "price_amount": "20.000",
      "cost_price_amount": "6.000"
    }
  },
  {
    "model": "room.roomvariantchannellisting",
    "pk": 190,
    "fields": {
      "variant": 256,
      "channel": 2,
      "currency": "PLN",
      "price_amount": "20.000",
      "cost_price_amount": "40.000"
    }
  },
  {
    "model": "room.roomvariantchannellisting",
    "pk": 191,
    "fields": {
      "variant": 259,
      "channel": 2,
      "currency": "PLN",
      "price_amount": "20.000",
      "cost_price_amount": "40.000"
    }
  },
  {
    "model": "room.roomvariantchannellisting",
    "pk": 192,
    "fields": {
      "variant": 258,
      "channel": 2,
      "currency": "PLN",
      "price_amount": "20.000",
      "cost_price_amount": "40.000"
    }
  },
  {
    "model": "room.roomvariantchannellisting",
    "pk": 193,
    "fields": {
      "variant": 257,
      "channel": 2,
      "currency": "PLN",
      "price_amount": "20.000",
      "cost_price_amount": "40.000"
    }
  },
  {
    "model": "room.roomvariantchannellisting",
    "pk": 194,
    "fields": {
      "variant": 260,
      "channel": 2,
      "currency": "PLN",
      "price_amount": "20.000",
      "cost_price_amount": "40.000"
    }
  },
  {
    "model": "room.roomvariantchannellisting",
    "pk": 195,
    "fields": {
      "variant": 264,
      "channel": 2,
      "currency": "PLN",
      "price_amount": "20.000",
      "cost_price_amount": "40.000"
    }
  },
  {
    "model": "room.roomvariantchannellisting",
    "pk": 196,
    "fields": {
      "variant": 261,
      "channel": 2,
      "currency": "PLN",
      "price_amount": "20.000",
      "cost_price_amount": "40.000"
    }
  },
  {
    "model": "room.roomvariantchannellisting",
    "pk": 197,
    "fields": {
      "variant": 263,
      "channel": 2,
      "currency": "PLN",
      "price_amount": "20.000",
      "cost_price_amount": "40.000"
    }
  },
  {
    "model": "room.roomvariantchannellisting",
    "pk": 198,
    "fields": {
      "variant": 265,
      "channel": 2,
      "currency": "PLN",
      "price_amount": "20.000",
      "cost_price_amount": "40.000"
    }
  },
  {
    "model": "room.roomvariantchannellisting",
    "pk": 199,
    "fields": {
      "variant": 262,
      "channel": 2,
      "currency": "PLN",
      "price_amount": "20.000",
      "cost_price_amount": "40.000"
    }
  },
  {
    "model": "room.roomvariantchannellisting",
    "pk": 200,
    "fields": {
      "variant": 270,
      "channel": 2,
      "currency": "PLN",
      "price_amount": "20.000",
      "cost_price_amount": "40.000"
    }
  },
  {
    "model": "room.roomvariantchannellisting",
    "pk": 201,
    "fields": {
      "variant": 269,
      "channel": 2,
      "currency": "PLN",
      "price_amount": "20.000",
      "cost_price_amount": "40.000"
    }
  },
  {
    "model": "room.roomvariantchannellisting",
    "pk": 202,
    "fields": {
      "variant": 266,
      "channel": 2,
      "currency": "PLN",
      "price_amount": "20.000",
      "cost_price_amount": "40.000"
    }
  },
  {
    "model": "room.roomvariantchannellisting",
    "pk": 203,
    "fields": {
      "variant": 267,
      "channel": 2,
      "currency": "PLN",
      "price_amount": "20.000",
      "cost_price_amount": "40.000"
    }
  },
  {
    "model": "room.roomvariantchannellisting",
    "pk": 204,
    "fields": {
      "variant": 268,
      "channel": 2,
      "currency": "PLN",
      "price_amount": "20.000",
      "cost_price_amount": "40.000"
    }
  },
  {
    "model": "room.roomvariantchannellisting",
    "pk": 205,
    "fields": {
      "variant": 272,
      "channel": 2,
      "currency": "PLN",
      "price_amount": "20.000",
      "cost_price_amount": "40.000"
    }
  },
  {
    "model": "room.roomvariantchannellisting",
    "pk": 206,
    "fields": {
      "variant": 273,
      "channel": 2,
      "currency": "PLN",
      "price_amount": "20.000",
      "cost_price_amount": "40.000"
    }
  },
  {
    "model": "room.roomvariantchannellisting",
    "pk": 207,
    "fields": {
      "variant": 274,
      "channel": 2,
      "currency": "PLN",
      "price_amount": "20.000",
      "cost_price_amount": "40.000"
    }
  },
  {
    "model": "room.roomvariantchannellisting",
    "pk": 208,
    "fields": {
      "variant": 275,
      "channel": 2,
      "currency": "PLN",
      "price_amount": "20.000",
      "cost_price_amount": "40.000"
    }
  },
  {
    "model": "room.roomvariantchannellisting",
    "pk": 209,
    "fields": {
      "variant": 271,
      "channel": 2,
      "currency": "PLN",
      "price_amount": "20.000",
      "cost_price_amount": "40.000"
    }
  },
  {
    "model": "room.roomvariantchannellisting",
    "pk": 210,
    "fields": {
      "variant": 217,
      "channel": 2,
      "currency": "PLN",
      "price_amount": "20.000",
      "cost_price_amount": "4.000"
    }
  },
  {
    "model": "room.roomvariantchannellisting",
    "pk": 211,
    "fields": {
      "variant": 219,
      "channel": 2,
      "currency": "PLN",
      "price_amount": "28.000",
      "cost_price_amount": "8.000"
    }
  },
  {
    "model": "room.roomvariantchannellisting",
    "pk": 212,
    "fields": {
      "variant": 218,
      "channel": 2,
      "currency": "PLN",
      "price_amount": "20.000",
      "cost_price_amount": "6.000"
    }
  },
  {
    "model": "room.roomvariantchannellisting",
    "pk": 213,
    "fields": {
      "variant": 177,
      "channel": 2,
      "currency": "PLN",
      "price_amount": "60.000",
      "cost_price_amount": "20.000"
    }
  },
  {
    "model": "room.roomvariantchannellisting",
    "pk": 214,
    "fields": {
      "variant": 178,
      "channel": 2,
      "currency": "PLN",
      "price_amount": "100.000",
      "cost_price_amount": "40.000"
    }
  },
  {
    "model": "room.roomvariantchannellisting",
    "pk": 215,
    "fields": {
      "variant": 179,
      "channel": 2,
      "currency": "PLN",
      "price_amount": "196.000",
      "cost_price_amount": "80.000"
    }
  },
  {
    "model": "room.roomvariantchannellisting",
    "pk": 216,
    "fields": {
      "variant": 193,
      "channel": 2,
      "currency": "PLN",
      "price_amount": "20.000",
      "cost_price_amount": null
    }
  },
  {
    "model": "room.roomvariantchannellisting",
    "pk": 217,
    "fields": {
      "variant": 316,
      "channel": 2,
      "currency": "PLN",
      "price_amount": "39.960",
      "cost_price_amount": null
    }
  },
  {
    "model": "room.roomvariantchannellisting",
    "pk": 218,
    "fields": {
      "variant": 196,
      "channel": 2,
      "currency": "PLN",
      "price_amount": "20.000",
      "cost_price_amount": null
    }
  },
  {
    "model": "room.roomvariantchannellisting",
    "pk": 219,
    "fields": {
      "variant": 195,
      "channel": 2,
      "currency": "PLN",
      "price_amount": "20.000",
      "cost_price_amount": null
    }
  },
  {
    "model": "room.assignedroomattribute",
    "pk": 1,
    "fields": {
      "room": 72,
      "assignment": 1,
      "values": [
        3
      ]
    }
  },
  {
    "model": "room.assignedroomattribute",
    "pk": 2,
    "fields": {
      "room": 74,
      "assignment": 1,
      "values": [
        50
      ]
    }
  },
  {
    "model": "room.assignedroomattribute",
    "pk": 3,
    "fields": {
      "room": 79,
      "assignment": 1,
      "values": [
        51
      ]
    }
  },
  {
    "model": "room.assignedroomattribute",
    "pk": 4,
    "fields": {
      "room": 115,
      "assignment": 5,
      "values": [
        72
      ]
    }
  },
  {
    "model": "room.assignedroomattribute",
    "pk": 5,
    "fields": {
      "room": 116,
      "assignment": 5,
      "values": [
        72
      ]
    }
  },
  {
    "model": "room.assignedroomattribute",
    "pk": 6,
    "fields": {
      "room": 73,
      "assignment": 1,
      "values": [
        52
      ]
    }
  },
  {
    "model": "room.assignedroomattribute",
    "pk": 7,
    "fields": {
      "room": 76,
      "assignment": 1,
      "values": [
        2
      ]
    }
  },
  {
    "model": "room.assignedroomattribute",
    "pk": 8,
    "fields": {
      "room": 89,
      "assignment": 5,
      "values": [
        72
      ]
    }
  },
  {
    "model": "room.assignedroomattribute",
    "pk": 9,
    "fields": {
      "room": 85,
      "assignment": 4,
      "values": [
        72
      ]
    }
  },
  {
    "model": "room.assignedroomattribute",
    "pk": 10,
    "fields": {
      "room": 78,
      "assignment": 1,
      "values": [
        53
      ]
    }
  },
  {
    "model": "room.assignedroomattribute",
    "pk": 11,
    "fields": {
      "room": 117,
      "assignment": 5,
      "values": [
        72
      ]
    }
  },
  {
    "model": "room.assignedroomattribute",
    "pk": 12,
    "fields": {
      "room": 71,
      "assignment": 1,
      "values": [
        49
      ]
    }
  },
  {
    "model": "room.assignedroomattribute",
    "pk": 13,
    "fields": {
      "room": 75,
      "assignment": 1,
      "values": [
        1
      ]
    }
  },
  {
    "model": "room.assignedroomattribute",
    "pk": 14,
    "fields": {
      "room": 107,
      "assignment": 5,
      "values": [
        72
      ]
    }
  },
  {
    "model": "room.assignedroomattribute",
    "pk": 15,
    "fields": {
      "room": 110,
      "assignment": 5,
      "values": [
        72
      ]
    }
  },
  {
    "model": "room.assignedroomattribute",
    "pk": 16,
    "fields": {
      "room": 109,
      "assignment": 5,
      "values": [
        72
      ]
    }
  },
  {
    "model": "room.assignedroomattribute",
    "pk": 17,
    "fields": {
      "room": 108,
      "assignment": 5,
      "values": [
        72
      ]
    }
  },
  {
    "model": "room.assignedroomattribute",
    "pk": 18,
    "fields": {
      "room": 77,
      "assignment": 1,
      "values": [
        54
      ]
    }
  },
  {
    "model": "room.assignedroomattribute",
    "pk": 19,
    "fields": {
      "room": 81,
      "assignment": 2,
      "values": [
        67
      ]
    }
  },
  {
    "model": "room.assignedroomattribute",
    "pk": 20,
    "fields": {
      "room": 84,
      "assignment": 3,
      "values": [
        69
      ]
    }
  },
  {
    "model": "room.assignedroomattribute",
    "pk": 21,
    "fields": {
      "room": 83,
      "assignment": 3,
      "values": [
        68
      ]
    }
  },
  {
    "model": "room.assignedroomattribute",
    "pk": 22,
    "fields": {
      "room": 114,
      "assignment": 5,
      "values": [
        72
      ]
    }
  },
  {
    "model": "room.assignedroomattribute",
    "pk": 23,
    "fields": {
      "room": 111,
      "assignment": 5,
      "values": [
        72
      ]
    }
  },
  {
    "model": "room.assignedroomattribute",
    "pk": 24,
    "fields": {
      "room": 112,
      "assignment": 5,
      "values": [
        72
      ]
    }
  },
  {
    "model": "room.assignedroomattribute",
    "pk": 25,
    "fields": {
      "room": 113,
      "assignment": 5,
      "values": [
        72
      ]
    }
  },
  {
    "model": "room.assignedroomattribute",
    "pk": 26,
    "fields": {
      "room": 118,
      "assignment": 5,
      "values": [
        72
      ]
    }
  },
  {
    "model": "room.assignedroomattribute",
    "pk": 27,
    "fields": {
      "room": 86,
      "assignment": 4,
      "values": [
        72
      ]
    }
  },
  {
    "model": "room.assignedroomattribute",
    "pk": 28,
    "fields": {
      "room": 82,
      "assignment": 2,
      "values": [
        67
      ]
    }
  },
  {
    "model": "room.assignedroomattribute",
    "pk": 29,
    "fields": {
      "room": 119,
      "assignment": 7,
      "values": [
        86
      ]
    }
  },
  {
    "model": "room.assignedroomattribute",
    "pk": 30,
    "fields": {
      "room": 120,
      "assignment": 7,
      "values": [
        86
      ]
    }
  },
  {
    "model": "room.assignedroomattribute",
    "pk": 31,
    "fields": {
      "room": 121,
      "assignment": 7,
      "values": [
        86
      ]
    }
  },
  {
    "model": "room.assignedroomattribute",
    "pk": 32,
    "fields": {
      "room": 122,
      "assignment": 7,
      "values": [
        86
      ]
    }
  },
  {
    "model": "room.assignedroomattribute",
    "pk": 33,
    "fields": {
      "room": 123,
      "assignment": 7,
      "values": [
        86
      ]
    }
  },
  {
    "model": "room.assignedroomattribute",
    "pk": 34,
    "fields": {
      "room": 124,
      "assignment": 7,
      "values": [
        86
      ]
    }
  },
  {
    "model": "room.assignedvariantattribute",
    "pk": 1,
    "fields": {
      "variant": 172,
      "assignment": 3,
      "values": [
        61
      ]
    }
  },
  {
    "model": "room.assignedvariantattribute",
    "pk": 2,
    "fields": {
      "variant": 173,
      "assignment": 3,
      "values": [
        62
      ]
    }
  },
  {
    "model": "room.assignedvariantattribute",
    "pk": 3,
    "fields": {
      "variant": 174,
      "assignment": 3,
      "values": [
        60
      ]
    }
  },
  {
    "model": "room.assignedvariantattribute",
    "pk": 4,
    "fields": {
      "variant": 175,
      "assignment": 3,
      "values": [
        61
      ]
    }
  },
  {
    "model": "room.assignedvariantattribute",
    "pk": 5,
    "fields": {
      "variant": 176,
      "assignment": 3,
      "values": [
        62
      ]
    }
  },
  {
    "model": "room.assignedvariantattribute",
    "pk": 6,
    "fields": {
      "variant": 177,
      "assignment": 3,
      "values": [
        60
      ]
    }
  },
  {
    "model": "room.assignedvariantattribute",
    "pk": 7,
    "fields": {
      "variant": 178,
      "assignment": 3,
      "values": [
        61
      ]
    }
  },
  {
    "model": "room.assignedvariantattribute",
    "pk": 8,
    "fields": {
      "variant": 179,
      "assignment": 3,
      "values": [
        62
      ]
    }
  },
  {
    "model": "room.assignedvariantattribute",
    "pk": 9,
    "fields": {
      "variant": 181,
      "assignment": 3,
      "values": [
        61
      ]
    }
  },
  {
    "model": "room.assignedvariantattribute",
    "pk": 10,
    "fields": {
      "variant": 183,
      "assignment": 3,
      "values": [
        60
      ]
    }
  },
  {
    "model": "room.assignedvariantattribute",
    "pk": 11,
    "fields": {
      "variant": 184,
      "assignment": 3,
      "values": [
        61
      ]
    }
  },
  {
    "model": "room.assignedvariantattribute",
    "pk": 12,
    "fields": {
      "variant": 190,
      "assignment": 2,
      "values": [
        46
      ]
    }
  },
  {
    "model": "room.assignedvariantattribute",
    "pk": 13,
    "fields": {
      "variant": 191,
      "assignment": 2,
      "values": [
        47
      ]
    }
  },
  {
    "model": "room.assignedvariantattribute",
    "pk": 14,
    "fields": {
      "variant": 192,
      "assignment": 2,
      "values": [
        48
      ]
    }
  },
  {
    "model": "room.assignedvariantattribute",
    "pk": 15,
    "fields": {
      "variant": 197,
      "assignment": 5,
      "values": [
        70
      ]
    }
  },
  {
    "model": "room.assignedvariantattribute",
    "pk": 16,
    "fields": {
      "variant": 198,
      "assignment": 5,
      "values": [
        71
      ]
    }
  },
  {
    "model": "room.assignedvariantattribute",
    "pk": 17,
    "fields": {
      "variant": 199,
      "assignment": 5,
      "values": [
        70
      ]
    }
  },
  {
    "model": "room.assignedvariantattribute",
    "pk": 18,
    "fields": {
      "variant": 200,
      "assignment": 5,
      "values": [
        71
      ]
    }
  },
  {
    "model": "room.assignedvariantattribute",
    "pk": 19,
    "fields": {
      "variant": 205,
      "assignment": 2,
      "values": [
        46
      ]
    }
  },
  {
    "model": "room.assignedvariantattribute",
    "pk": 20,
    "fields": {
      "variant": 206,
      "assignment": 2,
      "values": [
        47
      ]
    }
  },
  {
    "model": "room.assignedvariantattribute",
    "pk": 21,
    "fields": {
      "variant": 207,
      "assignment": 2,
      "values": [
        48
      ]
    }
  },
  {
    "model": "room.assignedvariantattribute",
    "pk": 22,
    "fields": {
      "variant": 208,
      "assignment": 2,
      "values": [
        46
      ]
    }
  },
  {
    "model": "room.assignedvariantattribute",
    "pk": 23,
    "fields": {
      "variant": 209,
      "assignment": 2,
      "values": [
        47
      ]
    }
  },
  {
    "model": "room.assignedvariantattribute",
    "pk": 24,
    "fields": {
      "variant": 210,
      "assignment": 2,
      "values": [
        48
      ]
    }
  },
  {
    "model": "room.assignedvariantattribute",
    "pk": 25,
    "fields": {
      "variant": 211,
      "assignment": 2,
      "values": [
        46
      ]
    }
  },
  {
    "model": "room.assignedvariantattribute",
    "pk": 26,
    "fields": {
      "variant": 213,
      "assignment": 2,
      "values": [
        48
      ]
    }
  },
  {
    "model": "room.assignedvariantattribute",
    "pk": 27,
    "fields": {
      "variant": 214,
      "assignment": 2,
      "values": [
        46
      ]
    }
  },
  {
    "model": "room.assignedvariantattribute",
    "pk": 28,
    "fields": {
      "variant": 216,
      "assignment": 2,
      "values": [
        48
      ]
    }
  },
  {
    "model": "room.assignedvariantattribute",
    "pk": 29,
    "fields": {
      "variant": 217,
      "assignment": 2,
      "values": [
        46
      ]
    }
  },
  {
    "model": "room.assignedvariantattribute",
    "pk": 30,
    "fields": {
      "variant": 218,
      "assignment": 2,
      "values": [
        47
      ]
    }
  },
  {
    "model": "room.assignedvariantattribute",
    "pk": 31,
    "fields": {
      "variant": 220,
      "assignment": 2,
      "values": [
        46
      ]
    }
  },
  {
    "model": "room.assignedvariantattribute",
    "pk": 32,
    "fields": {
      "variant": 221,
      "assignment": 2,
      "values": [
        47
      ]
    }
  },
  {
    "model": "room.assignedvariantattribute",
    "pk": 33,
    "fields": {
      "variant": 223,
      "assignment": 2,
      "values": [
        46
      ]
    }
  },
  {
    "model": "room.assignedvariantattribute",
    "pk": 34,
    "fields": {
      "variant": 224,
      "assignment": 2,
      "values": [
        47
      ]
    }
  },
  {
    "model": "room.assignedvariantattribute",
    "pk": 35,
    "fields": {
      "variant": 225,
      "assignment": 2,
      "values": [
        48
      ]
    }
  },
  {
    "model": "room.assignedvariantattribute",
    "pk": 36,
    "fields": {
      "variant": 242,
      "assignment": 6,
      "values": [
        75
      ]
    }
  },
  {
    "model": "room.assignedvariantattribute",
    "pk": 37,
    "fields": {
      "variant": 243,
      "assignment": 6,
      "values": [
        76
      ]
    }
  },
  {
    "model": "room.assignedvariantattribute",
    "pk": 38,
    "fields": {
      "variant": 248,
      "assignment": 6,
      "values": [
        77
      ]
    }
  },
  {
    "model": "room.assignedvariantattribute",
    "pk": 39,
    "fields": {
      "variant": 249,
      "assignment": 6,
      "values": [
        76
      ]
    }
  },
  {
    "model": "room.assignedvariantattribute",
    "pk": 40,
    "fields": {
      "variant": 251,
      "assignment": 1,
      "values": [
        36
      ]
    }
  },
  {
    "model": "room.assignedvariantattribute",
    "pk": 41,
    "fields": {
      "variant": 252,
      "assignment": 1,
      "values": [
        37
      ]
    }
  },
  {
    "model": "room.assignedvariantattribute",
    "pk": 42,
    "fields": {
      "variant": 253,
      "assignment": 1,
      "values": [
        38
      ]
    }
  },
  {
    "model": "room.assignedvariantattribute",
    "pk": 43,
    "fields": {
      "variant": 180,
      "assignment": 3,
      "values": [
        60
      ]
    }
  },
  {
    "model": "room.assignedvariantattribute",
    "pk": 44,
    "fields": {
      "variant": 202,
      "assignment": 2,
      "values": [
        46
      ]
    }
  },
  {
    "model": "room.assignedvariantattribute",
    "pk": 45,
    "fields": {
      "variant": 250,
      "assignment": 6,
      "values": [
        81
      ]
    }
  },
  {
    "model": "room.assignedvariantattribute",
    "pk": 46,
    "fields": {
      "variant": 212,
      "assignment": 2,
      "values": [
        47
      ]
    }
  },
  {
    "model": "room.assignedvariantattribute",
    "pk": 47,
    "fields": {
      "variant": 244,
      "assignment": 6,
      "values": [
        77
      ]
    }
  },
  {
    "model": "room.assignedvariantattribute",
    "pk": 48,
    "fields": {
      "variant": 204,
      "assignment": 2,
      "values": [
        48
      ]
    }
  },
  {
    "model": "room.assignedvariantattribute",
    "pk": 49,
    "fields": {
      "variant": 215,
      "assignment": 2,
      "values": [
        47
      ]
    }
  },
  {
    "model": "room.assignedvariantattribute",
    "pk": 50,
    "fields": {
      "variant": 171,
      "assignment": 3,
      "values": [
        60
      ]
    }
  },
  {
    "model": "room.assignedvariantattribute",
    "pk": 51,
    "fields": {
      "variant": 245,
      "assignment": 6,
      "values": [
        78
      ]
    }
  },
  {
    "model": "room.assignedvariantattribute",
    "pk": 52,
    "fields": {
      "variant": 247,
      "assignment": 6,
      "values": [
        76
      ]
    }
  },
  {
    "model": "room.assignedvariantattribute",
    "pk": 53,
    "fields": {
      "variant": 203,
      "assignment": 2,
      "values": [
        47
      ]
    }
  },
  {
    "model": "room.assignedvariantattribute",
    "pk": 54,
    "fields": {
      "variant": 219,
      "assignment": 2,
      "values": [
        48
      ]
    }
  },
  {
    "model": "room.assignedvariantattribute",
    "pk": 55,
    "fields": {
      "variant": 255,
      "assignment": 1,
      "values": [
        40
      ]
    }
  },
  {
    "model": "room.assignedvariantattribute",
    "pk": 56,
    "fields": {
      "variant": 256,
      "assignment": 1,
      "values": [
        36
      ]
    }
  },
  {
    "model": "room.assignedvariantattribute",
    "pk": 57,
    "fields": {
      "variant": 259,
      "assignment": 1,
      "values": [
        39
      ]
    }
  },
  {
    "model": "room.assignedvariantattribute",
    "pk": 58,
    "fields": {
      "variant": 261,
      "assignment": 1,
      "values": [
        36
      ]
    }
  },
  {
    "model": "room.assignedvariantattribute",
    "pk": 59,
    "fields": {
      "variant": 263,
      "assignment": 1,
      "values": [
        38
      ]
    }
  },
  {
    "model": "room.assignedvariantattribute",
    "pk": 60,
    "fields": {
      "variant": 264,
      "assignment": 1,
      "values": [
        39
      ]
    }
  },
  {
    "model": "room.assignedvariantattribute",
    "pk": 61,
    "fields": {
      "variant": 265,
      "assignment": 1,
      "values": [
        40
      ]
    }
  },
  {
    "model": "room.assignedvariantattribute",
    "pk": 62,
    "fields": {
      "variant": 266,
      "assignment": 1,
      "values": [
        36
      ]
    }
  },
  {
    "model": "room.assignedvariantattribute",
    "pk": 63,
    "fields": {
      "variant": 267,
      "assignment": 1,
      "values": [
        37
      ]
    }
  },
  {
    "model": "room.assignedvariantattribute",
    "pk": 64,
    "fields": {
      "variant": 270,
      "assignment": 1,
      "values": [
        40
      ]
    }
  },
  {
    "model": "room.assignedvariantattribute",
    "pk": 65,
    "fields": {
      "variant": 271,
      "assignment": 1,
      "values": [
        36
      ]
    }
  },
  {
    "model": "room.assignedvariantattribute",
    "pk": 66,
    "fields": {
      "variant": 272,
      "assignment": 1,
      "values": [
        37
      ]
    }
  },
  {
    "model": "room.assignedvariantattribute",
    "pk": 67,
    "fields": {
      "variant": 273,
      "assignment": 1,
      "values": [
        38
      ]
    }
  },
  {
    "model": "room.assignedvariantattribute",
    "pk": 68,
    "fields": {
      "variant": 275,
      "assignment": 1,
      "values": [
        40
      ]
    }
  },
  {
    "model": "room.assignedvariantattribute",
    "pk": 69,
    "fields": {
      "variant": 277,
      "assignment": 1,
      "values": [
        37
      ]
    }
  },
  {
    "model": "room.assignedvariantattribute",
    "pk": 70,
    "fields": {
      "variant": 278,
      "assignment": 1,
      "values": [
        38
      ]
    }
  },
  {
    "model": "room.assignedvariantattribute",
    "pk": 71,
    "fields": {
      "variant": 280,
      "assignment": 1,
      "values": [
        40
      ]
    }
  },
  {
    "model": "room.assignedvariantattribute",
    "pk": 72,
    "fields": {
      "variant": 281,
      "assignment": 1,
      "values": [
        36
      ]
    }
  },
  {
    "model": "room.assignedvariantattribute",
    "pk": 73,
    "fields": {
      "variant": 282,
      "assignment": 1,
      "values": [
        37
      ]
    }
  },
  {
    "model": "room.assignedvariantattribute",
    "pk": 74,
    "fields": {
      "variant": 283,
      "assignment": 1,
      "values": [
        38
      ]
    }
  },
  {
    "model": "room.assignedvariantattribute",
    "pk": 75,
    "fields": {
      "variant": 284,
      "assignment": 1,
      "values": [
        39
      ]
    }
  },
  {
    "model": "room.assignedvariantattribute",
    "pk": 76,
    "fields": {
      "variant": 286,
      "assignment": 1,
      "values": [
        36
      ]
    }
  },
  {
    "model": "room.assignedvariantattribute",
    "pk": 77,
    "fields": {
      "variant": 287,
      "assignment": 1,
      "values": [
        37
      ]
    }
  },
  {
    "model": "room.assignedvariantattribute",
    "pk": 78,
    "fields": {
      "variant": 288,
      "assignment": 1,
      "values": [
        38
      ]
    }
  },
  {
    "model": "room.assignedvariantattribute",
    "pk": 79,
    "fields": {
      "variant": 290,
      "assignment": 1,
      "values": [
        40
      ]
    }
  },
  {
    "model": "room.assignedvariantattribute",
    "pk": 80,
    "fields": {
      "variant": 291,
      "assignment": 1,
      "values": [
        36
      ]
    }
  },
  {
    "model": "room.assignedvariantattribute",
    "pk": 81,
    "fields": {
      "variant": 292,
      "assignment": 1,
      "values": [
        37
      ]
    }
  },
  {
    "model": "room.assignedvariantattribute",
    "pk": 82,
    "fields": {
      "variant": 293,
      "assignment": 1,
      "values": [
        38
      ]
    }
  },
  {
    "model": "room.assignedvariantattribute",
    "pk": 83,
    "fields": {
      "variant": 296,
      "assignment": 1,
      "values": [
        36
      ]
    }
  },
  {
    "model": "room.assignedvariantattribute",
    "pk": 84,
    "fields": {
      "variant": 297,
      "assignment": 1,
      "values": [
        37
      ]
    }
  },
  {
    "model": "room.assignedvariantattribute",
    "pk": 85,
    "fields": {
      "variant": 299,
      "assignment": 1,
      "values": [
        39
      ]
    }
  },
  {
    "model": "room.assignedvariantattribute",
    "pk": 86,
    "fields": {
      "variant": 302,
      "assignment": 1,
      "values": [
        37
      ]
    }
  },
  {
    "model": "room.assignedvariantattribute",
    "pk": 87,
    "fields": {
      "variant": 305,
      "assignment": 1,
      "values": [
        40
      ]
    }
  },
  {
    "model": "room.assignedvariantattribute",
    "pk": 88,
    "fields": {
      "variant": 306,
      "assignment": 1,
      "values": [
        36
      ]
    }
  },
  {
    "model": "room.assignedvariantattribute",
    "pk": 89,
    "fields": {
      "variant": 308,
      "assignment": 1,
      "values": [
        38
      ]
    }
  },
  {
    "model": "room.assignedvariantattribute",
    "pk": 90,
    "fields": {
      "variant": 309,
      "assignment": 1,
      "values": [
        39
      ]
    }
  },
  {
    "model": "room.assignedvariantattribute",
    "pk": 91,
    "fields": {
      "variant": 311,
      "assignment": 1,
      "values": [
        36
      ]
    }
  },
  {
    "model": "room.assignedvariantattribute",
    "pk": 92,
    "fields": {
      "variant": 312,
      "assignment": 1,
      "values": [
        37
      ]
    }
  },
  {
    "model": "room.assignedvariantattribute",
    "pk": 93,
    "fields": {
      "variant": 313,
      "assignment": 1,
      "values": [
        38
      ]
    }
  },
  {
    "model": "room.assignedvariantattribute",
    "pk": 94,
    "fields": {
      "variant": 314,
      "assignment": 1,
      "values": [
        39
      ]
    }
  },
  {
    "model": "room.assignedvariantattribute",
    "pk": 95,
    "fields": {
      "variant": 315,
      "assignment": 1,
      "values": [
        40
      ]
    }
  },
  {
    "model": "room.assignedvariantattribute",
    "pk": 96,
    "fields": {
      "variant": 185,
      "assignment": 3,
      "values": [
        62
      ]
    }
  },
  {
    "model": "room.assignedvariantattribute",
    "pk": 97,
    "fields": {
      "variant": 254,
      "assignment": 1,
      "values": [
        39
      ]
    }
  },
  {
    "model": "room.assignedvariantattribute",
    "pk": 98,
    "fields": {
      "variant": 260,
      "assignment": 1,
      "values": [
        40
      ]
    }
  },
  {
    "model": "room.assignedvariantattribute",
    "pk": 99,
    "fields": {
      "variant": 274,
      "assignment": 1,
      "values": [
        39
      ]
    }
  },
  {
    "model": "room.assignedvariantattribute",
    "pk": 100,
    "fields": {
      "variant": 262,
      "assignment": 1,
      "values": [
        37
      ]
    }
  },
  {
    "model": "room.assignedvariantattribute",
    "pk": 101,
    "fields": {
      "variant": 310,
      "assignment": 1,
      "values": [
        40
      ]
    }
  },
  {
    "model": "room.assignedvariantattribute",
    "pk": 102,
    "fields": {
      "variant": 289,
      "assignment": 1,
      "values": [
        39
      ]
    }
  },
  {
    "model": "room.assignedvariantattribute",
    "pk": 103,
    "fields": {
      "variant": 304,
      "assignment": 1,
      "values": [
        39
      ]
    }
  },
  {
    "model": "room.assignedvariantattribute",
    "pk": 104,
    "fields": {
      "variant": 268,
      "assignment": 1,
      "values": [
        38
      ]
    }
  },
  {
    "model": "room.assignedvariantattribute",
    "pk": 105,
    "fields": {
      "variant": 301,
      "assignment": 1,
      "values": [
        36
      ]
    }
  },
  {
    "model": "room.assignedvariantattribute",
    "pk": 106,
    "fields": {
      "variant": 269,
      "assignment": 1,
      "values": [
        39
      ]
    }
  },
  {
    "model": "room.assignedvariantattribute",
    "pk": 107,
    "fields": {
      "variant": 303,
      "assignment": 1,
      "values": [
        38
      ]
    }
  },
  {
    "model": "room.assignedvariantattribute",
    "pk": 108,
    "fields": {
      "variant": 279,
      "assignment": 1,
      "values": [
        39
      ]
    }
  },
  {
    "model": "room.assignedvariantattribute",
    "pk": 109,
    "fields": {
      "variant": 294,
      "assignment": 1,
      "values": [
        39
      ]
    }
  },
  {
    "model": "room.assignedvariantattribute",
    "pk": 110,
    "fields": {
      "variant": 300,
      "assignment": 1,
      "values": [
        40
      ]
    }
  },
  {
    "model": "room.assignedvariantattribute",
    "pk": 111,
    "fields": {
      "variant": 257,
      "assignment": 1,
      "values": [
        37
      ]
    }
  },
  {
    "model": "room.assignedvariantattribute",
    "pk": 112,
    "fields": {
      "variant": 276,
      "assignment": 1,
      "values": [
        36
      ]
    }
  },
  {
    "model": "room.assignedvariantattribute",
    "pk": 113,
    "fields": {
      "variant": 298,
      "assignment": 1,
      "values": [
        38
      ]
    }
  },
  {
    "model": "room.assignedvariantattribute",
    "pk": 114,
    "fields": {
      "variant": 307,
      "assignment": 1,
      "values": [
        37
      ]
    }
  },
  {
    "model": "room.assignedvariantattribute",
    "pk": 115,
    "fields": {
      "variant": 258,
      "assignment": 1,
      "values": [
        38
      ]
    }
  },
  {
    "model": "room.assignedvariantattribute",
    "pk": 116,
    "fields": {
      "variant": 285,
      "assignment": 1,
      "values": [
        40
      ]
    }
  },
  {
    "model": "room.assignedvariantattribute",
    "pk": 117,
    "fields": {
      "variant": 295,
      "assignment": 1,
      "values": [
        40
      ]
    }
  },
  {
    "model": "room.assignedvariantattribute",
    "pk": 118,
    "fields": {
      "variant": 246,
      "assignment": 6,
      "values": [
        79
      ]
    }
  },
  {
    "model": "room.assignedvariantattribute",
    "pk": 119,
    "fields": {
      "variant": 222,
      "assignment": 2,
      "values": [
        48
      ]
    }
  },
  {
    "model": "room.assignedvariantattribute",
    "pk": 120,
    "fields": {
      "variant": 182,
      "assignment": 3,
      "values": [
        62
      ]
    }
  },
  {
    "model": "room.assignedvariantattribute",
    "pk": 121,
    "fields": {
      "variant": 316,
      "assignment": 8,
      "values": [
        85
      ]
    }
  },
  {
    "model": "room.assignedvariantattribute",
    "pk": 122,
    "fields": {
      "variant": 317,
      "assignment": 8,
      "values": [
        85
      ]
    }
  },
  {
    "model": "room.assignedvariantattribute",
    "pk": 123,
    "fields": {
      "variant": 318,
      "assignment": 8,
      "values": [
        85
      ]
    }
  },
  {
    "model": "room.assignedvariantattribute",
    "pk": 124,
    "fields": {
      "variant": 319,
      "assignment": 8,
      "values": [
        85
      ]
    }
  },
  {
    "model": "room.assignedvariantattribute",
    "pk": 125,
    "fields": {
      "variant": 320,
      "assignment": 8,
      "values": [
        85
      ]
    }
  },
  {
    "model": "room.assignedvariantattribute",
    "pk": 126,
    "fields": {
      "variant": 321,
      "assignment": 8,
      "values": [
        85
      ]
    }
  },
  {
    "model": "room.assignedpageattribute",
    "pk": 1,
    "fields": {
        "page": 1,
        "assignment": 3,
        "values": [
            87
        ]
    }
  },
  {
    "model": "room.assignedpageattribute",
    "pk": 2,
    "fields": {
        "page": 1,
        "assignment": 2,
        "values": [
            93
        ]
    }
  },
  {
    "model": "room.attributeroom",
    "pk": 1,
    "fields": {
      "sort_order": null,
      "attribute": 16,
      "room_type": 9
    }
  },
  {
    "model": "room.attributeroom",
    "pk": 2,
    "fields": {
      "sort_order": null,
      "attribute": 20,
      "room_type": 10
    }
  },
  {
    "model": "room.attributeroom",
    "pk": 3,
    "fields": {
      "sort_order": null,
      "attribute": 21,
      "room_type": 11
    }
  },
  {
    "model": "room.attributeroom",
    "pk": 4,
    "fields": {
      "sort_order": null,
      "attribute": 23,
      "room_type": 12
    }
  },
  {
    "model": "room.attributeroom",
    "pk": 5,
    "fields": {
      "sort_order": null,
      "attribute": 23,
      "room_type": 14
    }
  },
  {
    "model": "room.attributeroom",
    "pk": 7,
    "fields": {
      "sort_order": 1,
      "attribute": 26,
      "room_type": 15
    }
  },
  {
    "model": "room.attributevariant",
    "pk": 1,
    "fields": {
      "sort_order": null,
      "attribute": 13,
      "room_type": 14
    }
  },
  {
    "model": "room.attributevariant",
    "pk": 2,
    "fields": {
      "sort_order": null,
      "attribute": 15,
      "room_type": 9
    }
  },
  {
    "model": "room.attributevariant",
    "pk": 3,
    "fields": {
      "sort_order": null,
      "attribute": 18,
      "room_type": 7
    }
  },
  {
    "model": "room.attributevariant",
    "pk": 4,
    "fields": {
      "sort_order": null,
      "attribute": 19,
      "room_type": 8
    }
  },
  {
    "model": "room.attributevariant",
    "pk": 5,
    "fields": {
      "sort_order": null,
      "attribute": 22,
      "room_type": 12
    }
  },
  {
    "model": "room.attributevariant",
    "pk": 6,
    "fields": {
      "sort_order": null,
      "attribute": 24,
      "room_type": 13
    }
  },
  {
    "model": "room.attributevariant",
    "pk": 8,
    "fields": {
      "sort_order": 0,
      "attribute": 19,
      "room_type": 15
    }
  },
  {
    "model": "room.attributepage",
    "pk": 2,
    "fields": {
      "sort_order": null,
      "attribute": 29,
      "page_type": 1
    }
},
{
    "model": "room.attributepage",
    "pk": 3,
    "fields": {
      "sort_order": null,
      "attribute": 27,
      "page_type": 1
    }
},
{
    "model": "room.attributepage",
    "pk": 4,
    "fields": {
      "sort_order": null,
      "attribute": 29,
      "page_type": 2
    }
},
  {
    "model": "room.attribute",
    "pk": 13,
    "fields": {
      "private_metadata": {},
      "metadata": {},
      "slug": "size",
      "name": "Size",
      "type": "room-type",
      "input_type": "dropdown",
      "value_required": false,
      "is_variant_only": false,
      "visible_in_storefront": true,
      "filterable_in_storefront": true,
      "filterable_in_dashboard": false,
      "storefront_search_position": 0,
      "available_in_grid": true
    }
  },
  {
    "model": "room.attribute",
    "pk": 14,
    "fields": {
      "private_metadata": {},
      "metadata": {},
      "slug": "color",
      "name": "Color",
      "type": "room-type",
      "input_type": "dropdown",
      "value_required": false,
      "is_variant_only": false,
      "visible_in_storefront": true,
      "filterable_in_storefront": true,
      "filterable_in_dashboard": false,
      "storefront_search_position": 0,
      "available_in_grid": true
    }
  },
  {
    "model": "room.attribute",
    "pk": 15,
    "fields": {
      "private_metadata": {},
      "metadata": {},
      "slug": "bottle-size",
      "name": "Bottle Size",
      "type": "room-type",
      "input_type": "dropdown",
      "value_required": false,
      "is_variant_only": false,
      "visible_in_storefront": true,
      "filterable_in_storefront": true,
      "filterable_in_dashboard": true,
      "storefront_search_position": 0,
      "available_in_grid": true
    }
  },
  {
    "model": "room.attribute",
    "pk": 16,
    "fields": {
      "private_metadata": {},
      "metadata": {},
      "slug": "flavor",
      "name": "Flavor",
      "type": "room-type",
      "input_type": "dropdown",
      "value_required": false,
      "is_variant_only": false,
      "visible_in_storefront": true,
      "filterable_in_storefront": true,
      "filterable_in_dashboard": false,
      "storefront_search_position": 0,
      "available_in_grid": true
    }
  },
  {
    "model": "room.attribute",
    "pk": 18,
    "fields": {
      "private_metadata": {},
      "metadata": {},
      "slug": "bucket-size",
      "name": "Bucket Size",
      "type": "room-type",
      "input_type": "dropdown",
      "value_required": false,
      "is_variant_only": false,
      "visible_in_storefront": true,
      "filterable_in_storefront": true,
      "filterable_in_dashboard": false,
      "storefront_search_position": 0,
      "available_in_grid": true
    }
  },
  {
    "model": "room.attribute",
    "pk": 19,
    "fields": {
      "private_metadata": {},
      "metadata": {},
      "slug": "medium",
      "name": "Medium",
      "type": "room-type",
      "input_type": "dropdown",
      "value_required": false,
      "is_variant_only": false,
      "visible_in_storefront": true,
      "filterable_in_storefront": true,
      "filterable_in_dashboard": false,
      "storefront_search_position": 0,
      "available_in_grid": true
    }
  },
  {
    "model": "room.attribute",
    "pk": 20,
    "fields": {
      "private_metadata": {},
      "metadata": {},
      "slug": "volume",
      "name": "Volume",
      "type": "room-type",
      "input_type": "dropdown",
      "value_required": false,
      "is_variant_only": false,
      "visible_in_storefront": true,
      "filterable_in_storefront": true,
      "filterable_in_dashboard": false,
      "storefront_search_position": 0,
      "available_in_grid": true
    }
  },
  {
    "model": "room.attribute",
    "pk": 21,
    "fields": {
      "private_metadata": {},
      "metadata": {},
      "slug": "abv",
      "name": "ABV",
      "type": "room-type",
      "input_type": "dropdown",
      "value_required": false,
      "is_variant_only": false,
      "visible_in_storefront": true,
      "filterable_in_storefront": true,
      "filterable_in_dashboard": false,
      "storefront_search_position": 0,
      "available_in_grid": true
    }
  },
  {
    "model": "room.attribute",
    "pk": 22,
    "fields": {
      "private_metadata": {},
      "metadata": {},
      "slug": "cushion-size",
      "name": "Cushion Size",
      "type": "room-type",
      "input_type": "dropdown",
      "value_required": false,
      "is_variant_only": false,
      "visible_in_storefront": true,
      "filterable_in_storefront": true,
      "filterable_in_dashboard": false,
      "storefront_search_position": 0,
      "available_in_grid": true
    }
  },
  {
    "model": "room.attribute",
    "pk": 23,
    "fields": {
      "private_metadata": {},
      "metadata": {},
      "slug": "material",
      "name": "Material",
      "type": "room-type",
      "input_type": "dropdown",
      "value_required": false,
      "is_variant_only": false,
      "visible_in_storefront": true,
      "filterable_in_storefront": true,
      "filterable_in_dashboard": true,
      "storefront_search_position": 0,
      "available_in_grid": true
    }
  },
  {
    "model": "room.attribute",
    "pk": 24,
    "fields": {
      "private_metadata": {},
      "metadata": {},
      "slug": "shoe-size",
      "name": "Shoe size",
      "type": "room-type",
      "input_type": "dropdown",
      "value_required": false,
      "is_variant_only": false,
      "visible_in_storefront": true,
      "filterable_in_storefront": true,
      "filterable_in_dashboard": false,
      "storefront_search_position": 0,
      "available_in_grid": true
    }
  },
  {
    "model": "room.attribute",
    "pk": 25,
    "fields": {
      "private_metadata": {},
      "metadata": {},
      "slug": "ebook-format",
      "name": "Format",
      "type": "room-type",
      "input_type": "dropdown",
      "value_required": true,
      "is_variant_only": false,
      "visible_in_storefront": true,
      "filterable_in_storefront": true,
      "filterable_in_dashboard": true,
      "storefront_search_position": 0,
      "available_in_grid": true
    }
  },
  {
    "model": "room.attribute",
    "pk": 26,
    "fields": {
      "private_metadata": {},
      "metadata": {},
      "slug": "publisher",
      "name": "Publisher",
      "type": "room-type",
      "input_type": "dropdown",
      "value_required": false,
      "is_variant_only": false,
      "visible_in_storefront": true,
      "filterable_in_storefront": true,
      "filterable_in_dashboard": true,
      "storefront_search_position": 0,
      "available_in_grid": true
    }
  },
  {
    "model": "room.attribute",
    "pk": 27,
    "fields": {
      "private_metadata": {},
      "metadata": {},
      "slug": "author",
      "name": "Author",
      "type": "page-type",
      "input_type": "dropdown",
      "value_required": false,
      "is_variant_only": false,
      "visible_in_storefront": true,
      "filterable_in_storefront": true,
      "filterable_in_dashboard": true,
      "storefront_search_position": 0,
      "available_in_grid": true
    }
  },
  {
    "model": "room.attribute",
    "pk": 29,
    "fields": {
      "private_metadata": {},
      "metadata": {},
      "slug": "tag",
      "name": "Tag",
      "type": "page-type",
      "input_type": "multiselect",
      "value_required": false,
      "is_variant_only": false,
      "visible_in_storefront": true,
      "filterable_in_storefront": true,
      "filterable_in_dashboard": true,
      "storefront_search_position": 0,
      "available_in_grid": true
    }
  },
  {
    "model": "room.attributevalue",
    "pk": 1,
    "fields": {
      "sort_order": 6,
      "name": "Pineapple",
      "value": "",
      "slug": "pineapple",
      "attribute": 16
    }
  },
  {
    "model": "room.attributevalue",
    "pk": 2,
    "fields": {
      "sort_order": 7,
      "name": "Coconut",
      "value": "",
      "slug": "coconut",
      "attribute": 16
    }
  },
  {
    "model": "room.attributevalue",
    "pk": 3,
    "fields": {
      "sort_order": 8,
      "name": "Apple",
      "value": "",
      "slug": "apple",
      "attribute": 16
    }
  },
  {
    "model": "room.attributevalue",
    "pk": 36,
    "fields": {
      "sort_order": 0,
      "name": "S",
      "value": "",
      "slug": "s",
      "attribute": 13
    }
  },
  {
    "model": "room.attributevalue",
    "pk": 37,
    "fields": {
      "sort_order": 1,
      "name": "M",
      "value": "",
      "slug": "m",
      "attribute": 13
    }
  },
  {
    "model": "room.attributevalue",
    "pk": 38,
    "fields": {
      "sort_order": 2,
      "name": "L",
      "value": "",
      "slug": "l",
      "attribute": 13
    }
  },
  {
    "model": "room.attributevalue",
    "pk": 39,
    "fields": {
      "sort_order": 3,
      "name": "XL",
      "value": "",
      "slug": "xl",
      "attribute": 13
    }
  },
  {
    "model": "room.attributevalue",
    "pk": 40,
    "fields": {
      "sort_order": 4,
      "name": "XXL",
      "value": "",
      "slug": "xxl",
      "attribute": 13
    }
  },
  {
    "model": "room.attributevalue",
    "pk": 41,
    "fields": {
      "sort_order": 0,
      "name": "White",
      "value": "",
      "slug": "white",
      "attribute": 14
    }
  },
  {
    "model": "room.attributevalue",
    "pk": 42,
    "fields": {
      "sort_order": 1,
      "name": "Blue",
      "value": "",
      "slug": "blue",
      "attribute": 14
    }
  },
  {
    "model": "room.attributevalue",
    "pk": 43,
    "fields": {
      "sort_order": 2,
      "name": "Orange",
      "value": "",
      "slug": "orange",
      "attribute": 14
    }
  },
  {
    "model": "room.attributevalue",
    "pk": 44,
    "fields": {
      "sort_order": 3,
      "name": "Black",
      "value": "",
      "slug": "black",
      "attribute": 14
    }
  },
  {
    "model": "room.attributevalue",
    "pk": 45,
    "fields": {
      "sort_order": 4,
      "name": "Cyan",
      "value": "",
      "slug": "cyan",
      "attribute": 14
    }
  },
  {
    "model": "room.attributevalue",
    "pk": 46,
    "fields": {
      "sort_order": 0,
      "name": "500ml",
      "value": "",
      "slug": "500ml",
      "attribute": 15
    }
  },
  {
    "model": "room.attributevalue",
    "pk": 47,
    "fields": {
      "sort_order": 1,
      "name": "1l",
      "value": "",
      "slug": "1l",
      "attribute": 15
    }
  },
  {
    "model": "room.attributevalue",
    "pk": 48,
    "fields": {
      "sort_order": 2,
      "name": "2l",
      "value": "",
      "slug": "2l",
      "attribute": 15
    }
  },
  {
    "model": "room.attributevalue",
    "pk": 49,
    "fields": {
      "sort_order": 0,
      "name": "Orange",
      "value": "",
      "slug": "orange",
      "attribute": 16
    }
  },
  {
    "model": "room.attributevalue",
    "pk": 50,
    "fields": {
      "sort_order": 1,
      "name": "Banana",
      "value": "",
      "slug": "banana",
      "attribute": 16
    }
  },
  {
    "model": "room.attributevalue",
    "pk": 51,
    "fields": {
      "sort_order": 2,
      "name": "Bean",
      "value": "",
      "slug": "bean",
      "attribute": 16
    }
  },
  {
    "model": "room.attributevalue",
    "pk": 52,
    "fields": {
      "sort_order": 3,
      "name": "Carrot",
      "value": "",
      "slug": "carrot",
      "attribute": 16
    }
  },
  {
    "model": "room.attributevalue",
    "pk": 53,
    "fields": {
      "sort_order": 4,
      "name": "Sprouty",
      "value": "",
      "slug": "sprouty",
      "attribute": 16
    }
  },
  {
    "model": "room.attributevalue",
    "pk": 54,
    "fields": {
      "sort_order": 5,
      "name": "Salty, like the tears of your enemy",
      "value": "",
      "slug": "salty-like-the-tears-of-your-enemy",
      "attribute": 16
    }
  },
  {
    "model": "room.attributevalue",
    "pk": 60,
    "fields": {
      "sort_order": 0,
      "name": "1l",
      "value": "",
      "slug": "1l",
      "attribute": 18
    }
  },
  {
    "model": "room.attributevalue",
    "pk": 61,
    "fields": {
      "sort_order": 1,
      "name": "2.5l",
      "value": "",
      "slug": "25l",
      "attribute": 18
    }
  },
  {
    "model": "room.attributevalue",
    "pk": 62,
    "fields": {
      "sort_order": 2,
      "name": "5l",
      "value": "",
      "slug": "5l",
      "attribute": 18
    }
  },
  {
    "model": "room.attributevalue",
    "pk": 63,
    "fields": {
      "sort_order": 0,
      "name": "Vinyl",
      "value": "",
      "slug": "vinyl",
      "attribute": 19
    }
  },
  {
    "model": "room.attributevalue",
    "pk": 64,
    "fields": {
      "sort_order": 1,
      "name": "DVD",
      "value": "",
      "slug": "dvd",
      "attribute": 19
    }
  },
  {
    "model": "room.attributevalue",
    "pk": 65,
    "fields": {
      "sort_order": 2,
      "name": "VHS",
      "value": "",
      "slug": "vhs",
      "attribute": 19
    }
  },
  {
    "model": "room.attributevalue",
    "pk": 66,
    "fields": {
      "sort_order": 3,
      "name": "iTunes",
      "value": "",
      "slug": "itunes",
      "attribute": 19
    }
  },
  {
    "model": "room.attributevalue",
    "pk": 67,
    "fields": {
      "sort_order": 0,
      "name": "700ml",
      "value": "",
      "slug": "700ml",
      "attribute": 20
    }
  },
  {
    "model": "room.attributevalue",
    "pk": 68,
    "fields": {
      "sort_order": 0,
      "name": "5.1%",
      "value": "",
      "slug": "51",
      "attribute": 21
    }
  },
  {
    "model": "room.attributevalue",
    "pk": 69,
    "fields": {
      "sort_order": 1,
      "name": "6.7%",
      "value": "",
      "slug": "67",
      "attribute": 21
    }
  },
  {
    "model": "room.attributevalue",
    "pk": 70,
    "fields": {
      "sort_order": 0,
      "name": "45cm x 45cm",
      "value": "",
      "slug": "45cm-x-45cm",
      "attribute": 22
    }
  },
  {
    "model": "room.attributevalue",
    "pk": 71,
    "fields": {
      "sort_order": 1,
      "name": "55cm x 55cm",
      "value": "",
      "slug": "55cm-x-55cm",
      "attribute": 22
    }
  },
  {
    "model": "room.attributevalue",
    "pk": 72,
    "fields": {
      "sort_order": 0,
      "name": "Cotton",
      "value": "",
      "slug": "cotton",
      "attribute": 23
    }
  },
  {
    "model": "room.attributevalue",
    "pk": 73,
    "fields": {
      "sort_order": 1,
      "name": "Elastane",
      "value": "",
      "slug": "elastane",
      "attribute": 23
    }
  },
  {
    "model": "room.attributevalue",
    "pk": 74,
    "fields": {
      "sort_order": 2,
      "name": "Polyester",
      "value": "",
      "slug": "polyester",
      "attribute": 23
    }
  },
  {
    "model": "room.attributevalue",
    "pk": 75,
    "fields": {
      "sort_order": 0,
      "name": "39",
      "value": "",
      "slug": "39",
      "attribute": 24
    }
  },
  {
    "model": "room.attributevalue",
    "pk": 76,
    "fields": {
      "sort_order": 1,
      "name": "40",
      "value": "",
      "slug": "40",
      "attribute": 24
    }
  },
  {
    "model": "room.attributevalue",
    "pk": 77,
    "fields": {
      "sort_order": 2,
      "name": "41",
      "value": "",
      "slug": "41",
      "attribute": 24
    }
  },
  {
    "model": "room.attributevalue",
    "pk": 78,
    "fields": {
      "sort_order": 3,
      "name": "42",
      "value": "",
      "slug": "42",
      "attribute": 24
    }
  },
  {
    "model": "room.attributevalue",
    "pk": 79,
    "fields": {
      "sort_order": 4,
      "name": "43",
      "value": "",
      "slug": "43",
      "attribute": 24
    }
  },
  {
    "model": "room.attributevalue",
    "pk": 80,
    "fields": {
      "sort_order": 5,
      "name": "44",
      "value": "",
      "slug": "44",
      "attribute": 24
    }
  },
  {
    "model": "room.attributevalue",
    "pk": 81,
    "fields": {
      "sort_order": 6,
      "name": "45",
      "value": "",
      "slug": "45",
      "attribute": 24
    }
  },
  {
    "model": "room.attributevalue",
    "pk": 82,
    "fields": {
      "sort_order": 0,
      "name": "EPUB",
      "value": "",
      "slug": "epub",
      "attribute": 25
    }
  },
  {
    "model": "room.attributevalue",
    "pk": 83,
    "fields": {
      "sort_order": 1,
      "name": "MOBI",
      "value": "",
      "slug": "mobi",
      "attribute": 25
    }
  },
  {
    "model": "room.attributevalue",
    "pk": 84,
    "fields": {
      "sort_order": 4,
      "name": "CD",
      "value": "",
      "slug": "cd",
      "attribute": 19
    }
  },
  {
    "model": "room.attributevalue",
    "pk": 85,
    "fields": {
      "sort_order": 5,
      "name": "MP3",
      "value": "",
      "slug": "mp3",
      "attribute": 19
    }
  },
  {
    "model": "room.attributevalue",
    "pk": 86,
    "fields": {
      "sort_order": 0,
      "name": "Digital Audio",
      "value": "",
      "slug": "digital-audio",
      "attribute": 26
    }
  },
  {
    "model": "room.attributevalue",
    "pk": 87,
    "fields": {
      "sort_order": 0,
      "name": "Suzanne Ellison",
      "value": "",
      "slug": "suzanne-ellison",
      "attribute": 27
    }
  },
  {
    "model": "room.attributevalue",
    "pk": 88,
    "fields": {
      "sort_order": 1,
      "name": "Dennis Perkins",
      "value": "",
      "slug": "dennis-perkins",
      "attribute": 27
    }
  },
  {
    "model": "room.attributevalue",
    "pk": 89,
    "fields": {
      "sort_order": 2,
      "name": "Dylan Lamb",
      "value": "",
      "slug": "dylan-lamb",
      "attribute": 27
    }
  },
  {
    "model": "room.attributevalue",
    "pk": 90,
    "fields": {
      "sort_order": 0,
      "name": "Security",
      "value": "",
      "slug": "security",
      "attribute": 29
    }
  },
  {
    "model": "room.attributevalue",
    "pk": 91,
    "fields": {
      "sort_order": 1,
      "name": "Support",
      "value": "",
      "slug": "support",
      "attribute": 29
    }
  },
  {
    "model": "room.attributevalue",
    "pk": 92,
    "fields": {
      "sort_order": 2,
      "name": "Medical",
      "value": "",
      "slug": "medical",
      "attribute": 29
    }
  },
  {
    "model": "room.attributevalue",
    "pk": 93,
    "fields": {
      "sort_order": 3,
      "name": "General",
      "value": "",
      "slug": "general",
      "attribute": 29
    }
  },
  {
    "model": "room.roomimage",
    "pk": 1,
    "fields": {
      "sort_order": 0,
      "room": 61,
      "image": "rooms/vanphongdemoroom_paints_01_dmNMuso.png",
      "ppoi": "0.5x0.5",
      "alt": ""
    }
  },
  {
    "model": "room.roomimage",
    "pk": 2,
    "fields": {
      "sort_order": 0,
      "room": 62,
      "image": "rooms/vanphongdemoroom_paints_02_4u6jO55.png",
      "ppoi": "0.5x0.5",
      "alt": ""
    }
  },
  {
    "model": "room.roomimage",
    "pk": 3,
    "fields": {
      "sort_order": 0,
      "room": 63,
      "image": "rooms/vanphongdemoroom_paints_03_jysITqk.png",
      "ppoi": "0.5x0.5",
      "alt": ""
    }
  },
  {
    "model": "room.roomimage",
    "pk": 4,
    "fields": {
      "sort_order": 0,
      "room": 64,
      "image": "rooms/vanphongdemoroom_paints_04_td1hbTG.png",
      "ppoi": "0.5x0.5",
      "alt": ""
    }
  },
  {
    "model": "room.roomimage",
    "pk": 5,
    "fields": {
      "sort_order": 0,
      "room": 65,
      "image": "rooms/vanphongdemoroom_paints_05_UPktmD3.png",
      "ppoi": "0.5x0.5",
      "alt": ""
    }
  },
  {
    "model": "room.roomimage",
    "pk": 6,
    "fields": {
      "sort_order": 0,
      "room": 71,
      "image": "rooms/vanphongdemoroom_fd_juice_06_6yqUiG3.png",
      "ppoi": "0.5x0.5",
      "alt": ""
    }
  },
  {
    "model": "room.roomimage",
    "pk": 7,
    "fields": {
      "sort_order": 0,
      "room": 72,
      "image": "rooms/vanphongdemoroom_fd_juice_06_qlQMYR4.png",
      "ppoi": "0.5x0.5",
      "alt": ""
    }
  },
  {
    "model": "room.roomimage",
    "pk": 8,
    "fields": {
      "sort_order": 0,
      "room": 73,
      "image": "rooms/vanphongdemoroom_fd_juice_05_oCrWnfD.png",
      "ppoi": "0.5x0.5",
      "alt": ""
    }
  },
  {
    "model": "room.roomimage",
    "pk": 9,
    "fields": {
      "sort_order": 0,
      "room": 74,
      "image": "rooms/vanphongdemoroom_fd_juice_01_7OldG9Y.png",
      "ppoi": "0.5x0.5",
      "alt": ""
    }
  },
  {
    "model": "room.roomimage",
    "pk": 10,
    "fields": {
      "sort_order": 0,
      "room": 75,
      "image": "rooms/vanphongdemoroom_fd_juice_03_iglYIFD.png",
      "ppoi": "0.5x0.5",
      "alt": ""
    }
  },
  {
    "model": "room.roomimage",
    "pk": 11,
    "fields": {
      "sort_order": 0,
      "room": 76,
      "image": "rooms/vanphongdemoroom_fd_juice_02_FaX3TRF.png",
      "ppoi": "0.5x0.5",
      "alt": ""
    }
  },
  {
    "model": "room.roomimage",
    "pk": 12,
    "fields": {
      "sort_order": 0,
      "room": 77,
      "image": "rooms/vanphongdemoroom_fd_juice_03_EmsnyJm.png",
      "ppoi": "0.5x0.5",
      "alt": ""
    }
  },
  {
    "model": "room.roomimage",
    "pk": 13,
    "fields": {
      "sort_order": 0,
      "room": 78,
      "image": "rooms/vanphongdemoroom_fd_juice_04_vG2K4lY.png",
      "ppoi": "0.5x0.5",
      "alt": ""
    }
  },
  {
    "model": "room.roomimage",
    "pk": 14,
    "fields": {
      "sort_order": 0,
      "room": 79,
      "image": "rooms/vanphongdemoroom_fd_juice_02_TNVwr0K.png",
      "ppoi": "0.5x0.5",
      "alt": ""
    }
  },
  {
    "model": "room.roomimage",
    "pk": 15,
    "fields": {
      "sort_order": 0,
      "room": 81,
      "image": "rooms/vanphongdemoroom_wine-red_RwMpetZ.png",
      "ppoi": "0.5x0.5",
      "alt": ""
    }
  },
  {
    "model": "room.roomimage",
    "pk": 16,
    "fields": {
      "sort_order": 0,
      "room": 82,
      "image": "rooms/vanphongdemoroom_wine-white_IjVbGgP.png",
      "ppoi": "0.5x0.5",
      "alt": ""
    }
  },
  {
    "model": "room.roomimage",
    "pk": 17,
    "fields": {
      "sort_order": 0,
      "room": 83,
      "image": "rooms/vanphongdemoroom_beer-02_1_EyUYsrO.png",
      "ppoi": "0.5x0.5",
      "alt": ""
    }
  },
  {
    "model": "room.roomimage",
    "pk": 18,
    "fields": {
      "sort_order": 1,
      "room": 83,
      "image": "rooms/vanphongdemoroom_beer-02_2_ny6SSDd.png",
      "ppoi": "0.5x0.5",
      "alt": ""
    }
  },
  {
    "model": "room.roomimage",
    "pk": 19,
    "fields": {
      "sort_order": 0,
      "room": 84,
      "image": "rooms/vanphongdemoroom_beer-01_1_XKxUA4p.png",
      "ppoi": "0.5x0.5",
      "alt": ""
    }
  },
  {
    "model": "room.roomimage",
    "pk": 20,
    "fields": {
      "sort_order": 1,
      "room": 84,
      "image": "rooms/vanphongdemoroom_beer-01_2_S9ZTZC3.png",
      "ppoi": "0.5x0.5",
      "alt": ""
    }
  },
  {
    "model": "room.roomimage",
    "pk": 21,
    "fields": {
      "sort_order": 0,
      "room": 85,
      "image": "rooms/vanphongdemoroom_cuschion01_RFwkul6.png",
      "ppoi": "0.5x0.5",
      "alt": ""
    }
  },
  {
    "model": "room.roomimage",
    "pk": 22,
    "fields": {
      "sort_order": 0,
      "room": 86,
      "image": "rooms/vanphongdemoroom_cuschion02_fymteSB.png",
      "ppoi": "0.5x0.5",
      "alt": ""
    }
  },
  {
    "model": "room.roomimage",
    "pk": 23,
    "fields": {
      "sort_order": 0,
      "room": 87,
      "image": "rooms/vanphongdemoroom_sneakers_01_1_x1wWUh7.png",
      "ppoi": "0.5x0.5",
      "alt": ""
    }
  },
  {
    "model": "room.roomimage",
    "pk": 24,
    "fields": {
      "sort_order": 1,
      "room": 87,
      "image": "rooms/vanphongdemoroom_sneakers_01_2_CGpkPtV.png",
      "ppoi": "0.5x0.5",
      "alt": ""
    }
  },
  {
    "model": "room.roomimage",
    "pk": 25,
    "fields": {
      "sort_order": 2,
      "room": 87,
      "image": "rooms/vanphongdemoroom_sneakers_01_3_uMkuTyn.png",
      "ppoi": "0.5x0.5",
      "alt": ""
    }
  },
  {
    "model": "room.roomimage",
    "pk": 26,
    "fields": {
      "sort_order": 3,
      "room": 87,
      "image": "rooms/vanphongdemoroom_sneakers_01_4_kJEkjkV.png",
      "ppoi": "0.5x0.5",
      "alt": ""
    }
  },
  {
    "model": "room.roomimage",
    "pk": 27,
    "fields": {
      "sort_order": 0,
      "room": 88,
      "image": "rooms/vanphongdemoroom_sneakers_02_1_tcq61PA.png",
      "ppoi": "0.5x0.5",
      "alt": ""
    }
  },
  {
    "model": "room.roomimage",
    "pk": 28,
    "fields": {
      "sort_order": 1,
      "room": 88,
      "image": "rooms/vanphongdemoroom_sneakers_02_2_MGWF49Y.png",
      "ppoi": "0.5x0.5",
      "alt": ""
    }
  },
  {
    "model": "room.roomimage",
    "pk": 29,
    "fields": {
      "sort_order": 2,
      "room": 88,
      "image": "rooms/vanphongdemoroom_sneakers_02_3_1epAGZH.png",
      "ppoi": "0.5x0.5",
      "alt": ""
    }
  },
  {
    "model": "room.roomimage",
    "pk": 30,
    "fields": {
      "sort_order": 3,
      "room": 88,
      "image": "rooms/vanphongdemoroom_sneakers_02_4_fcNUWNH.png",
      "ppoi": "0.5x0.5",
      "alt": ""
    }
  },
  {
    "model": "room.roomimage",
    "pk": 31,
    "fields": {
      "sort_order": 0,
      "room": 89,
      "image": "rooms/vanphongdemoroom_cl_boot07_1_Z3jt6C2.png",
      "ppoi": "0.5x0.5",
      "alt": ""
    }
  },
  {
    "model": "room.roomimage",
    "pk": 32,
    "fields": {
      "sort_order": 1,
      "room": 89,
      "image": "rooms/vanphongdemoroom_cl_boot07_2_wRGz6tF.png",
      "ppoi": "0.5x0.5",
      "alt": ""
    }
  },
  {
    "model": "room.roomimage",
    "pk": 33,
    "fields": {
      "sort_order": 0,
      "room": 107,
      "image": "rooms/vanphongdemoroom_cl_polo01_qOTQIN0.png",
      "ppoi": "0.5x0.5",
      "alt": ""
    }
  },
  {
    "model": "room.roomimage",
    "pk": 34,
    "fields": {
      "sort_order": 0,
      "room": 108,
      "image": "rooms/vanphongdemoroom_cl_polo02_LK4hqT3.png",
      "ppoi": "0.5x0.5",
      "alt": ""
    }
  },
  {
    "model": "room.roomimage",
    "pk": 35,
    "fields": {
      "sort_order": 0,
      "room": 109,
      "image": "rooms/vanphongdemoroom_cl_polo03-woman_5hXpnh1.png",
      "ppoi": "0.5x0.5",
      "alt": ""
    }
  },
  {
    "model": "room.roomimage",
    "pk": 36,
    "fields": {
      "sort_order": 0,
      "room": 110,
      "image": "rooms/vanphongdemoroom_cl_polo04-woman_MsG1SJV.png",
      "ppoi": "0.5x0.5",
      "alt": ""
    }
  },
  {
    "model": "room.roomimage",
    "pk": 37,
    "fields": {
      "sort_order": 0,
      "room": 111,
      "image": "rooms/vanphongdemoroom_cl_boot01_1_Q3ev15Y.png",
      "ppoi": "0.5x0.5",
      "alt": ""
    }
  },
  {
    "model": "room.roomimage",
    "pk": 38,
    "fields": {
      "sort_order": 1,
      "room": 111,
      "image": "rooms/vanphongdemoroom_cl_boot01_2_VMo01Qp.png",
      "ppoi": "0.5x0.5",
      "alt": ""
    }
  },
  {
    "model": "room.roomimage",
    "pk": 39,
    "fields": {
      "sort_order": 2,
      "room": 111,
      "image": "rooms/vanphongdemoroom_cl_boot01_3_H661xVt.png",
      "ppoi": "0.5x0.5",
      "alt": ""
    }
  },
  {
    "model": "room.roomimage",
    "pk": 40,
    "fields": {
      "sort_order": 0,
      "room": 112,
      "image": "rooms/vanphongdemoroom_cl_boot03_1_7FFEzbc.png",
      "ppoi": "0.5x0.5",
      "alt": ""
    }
  },
  {
    "model": "room.roomimage",
    "pk": 41,
    "fields": {
      "sort_order": 1,
      "room": 112,
      "image": "rooms/vanphongdemoroom_cl_boot03_2_gZDTlAo.png",
      "ppoi": "0.5x0.5",
      "alt": ""
    }
  },
  {
    "model": "room.roomimage",
    "pk": 42,
    "fields": {
      "sort_order": 0,
      "room": 113,
      "image": "rooms/vanphongdemoroom_cl_boot06_1_5bV8heG.png",
      "ppoi": "0.5x0.5",
      "alt": ""
    }
  },
  {
    "model": "room.roomimage",
    "pk": 43,
    "fields": {
      "sort_order": 1,
      "room": 113,
      "image": "rooms/vanphongdemoroom_cl_boot06_2_nBPUnkw.png",
      "ppoi": "0.5x0.5",
      "alt": ""
    }
  },
  {
    "model": "room.roomimage",
    "pk": 44,
    "fields": {
      "sort_order": 0,
      "room": 114,
      "image": "rooms/vanphongdemoroom_cl_boot06_1_0Iet6hU.png",
      "ppoi": "0.5x0.5",
      "alt": ""
    }
  },
  {
    "model": "room.roomimage",
    "pk": 45,
    "fields": {
      "sort_order": 1,
      "room": 114,
      "image": "rooms/vanphongdemoroom_cl_boot06_2_m6RW8gO.png",
      "ppoi": "0.5x0.5",
      "alt": ""
    }
  },
  {
    "model": "room.roomimage",
    "pk": 46,
    "fields": {
      "sort_order": 0,
      "room": 115,
      "image": "rooms/vanphongdemoroom_cl_bogo01_1_VkcD8dP.png",
      "ppoi": "0.5x0.5",
      "alt": ""
    }
  },
  {
    "model": "room.roomimage",
    "pk": 47,
    "fields": {
      "sort_order": 0,
      "room": 116,
      "image": "rooms/vanphongdemoroom_cl_bogo02_1_cgwcudu.png",
      "ppoi": "0.5x0.5",
      "alt": ""
    }
  },
  {
    "model": "room.roomimage",
    "pk": 48,
    "fields": {
      "sort_order": 0,
      "room": 117,
      "image": "rooms/vanphongdemoroom_cl_bogo03_1_zKYTgdv.png",
      "ppoi": "0.5x0.5",
      "alt": ""
    }
  },
  {
    "model": "room.roomimage",
    "pk": 49,
    "fields": {
      "sort_order": 0,
      "room": 118,
      "image": "rooms/vanphongdemoroom_cl_bogo04_1_lUInic0.png",
      "ppoi": "0.5x0.5",
      "alt": ""
    }
  },
  {
    "model": "room.roomimage",
    "pk": 50,
    "fields": {
      "sort_order": 1,
      "room": 118,
      "image": "rooms/vanphongdemoroom_cl_bogo04_2_tBYX0xU.png",
      "ppoi": "0.5x0.5",
      "alt": ""
    }
  },
  {
    "model": "room.roomimage",
    "pk": 51,
    "fields": {
      "sort_order": 0,
      "room": 119,
      "image": "rooms/vanphong-digital-03_1.png",
      "ppoi": "0.5x0.5",
      "alt": ""
    }
  },
  {
    "model": "room.roomimage",
    "pk": 52,
    "fields": {
      "sort_order": 0,
      "room": 120,
      "image": "rooms/vanphong-digital-03_2.png",
      "ppoi": "0.5x0.5",
      "alt": ""
    }
  },
  {
    "model": "room.roomimage",
    "pk": 53,
    "fields": {
      "sort_order": 0,
      "room": 121,
      "image": "rooms/vanphong-digital-03_3.png",
      "ppoi": "0.5x0.5",
      "alt": ""
    }
  },
  {
    "model": "room.roomimage",
    "pk": 54,
    "fields": {
      "sort_order": 0,
      "room": 122,
      "image": "rooms/vanphong-digital-03_4.png",
      "ppoi": "0.5x0.5",
      "alt": ""
    }
  },
  {
    "model": "room.roomimage",
    "pk": 56,
    "fields": {
      "sort_order": 0,
      "room": 123,
      "image": "rooms/vanphong-digital-03_5.png",
      "ppoi": "0.5x0.5",
      "alt": ""
    }
  },
  {
    "model": "room.roomimage",
    "pk": 57,
    "fields": {
      "sort_order": 0,
      "room": 124,
      "image": "rooms/vanphong-digital-03_6.png",
      "ppoi": "0.5x0.5",
      "alt": ""
    }
  },
  {
    "model": "room.collectionroom",
    "pk": 1,
    "fields": {
      "sort_order": null,
      "collection": 1,
      "room": 73
    }
  },
  {
    "model": "room.collectionroom",
    "pk": 2,
    "fields": {
      "sort_order": null,
      "collection": 1,
      "room": 83
    }
  },
  {
    "model": "room.collectionroom",
    "pk": 3,
    "fields": {
      "sort_order": null,
      "collection": 1,
      "room": 110
    }
  },
  {
    "model": "room.collectionroom",
    "pk": 4,
    "fields": {
      "sort_order": null,
      "collection": 1,
      "room": 86
    }
  },
  {
    "model": "room.collectionroom",
    "pk": 5,
    "fields": {
      "sort_order": null,
      "collection": 2,
      "room": 83
    }
  },
  {
    "model": "room.collectionroom",
    "pk": 6,
    "fields": {
      "sort_order": null,
      "collection": 2,
      "room": 84
    }
  },
  {
    "model": "room.collectionroom",
    "pk": 7,
    "fields": {
      "sort_order": null,
      "collection": 2,
      "room": 61
    }
  },
  {
    "model": "room.collectionroom",
    "pk": 8,
    "fields": {
      "sort_order": null,
      "collection": 2,
      "room": 110
    }
  },
  {
    "model": "room.collectionroom",
    "pk": 5,
    "fields": {
      "sort_order": null,
      "collection": 3,
      "room": 83
    }
  },
  {
    "model": "room.collectionroom",
    "pk": 6,
    "fields": {
      "sort_order": null,
      "collection": 3,
      "room": 84
    }
  },
  {
    "model": "room.collectionroom",
    "pk": 7,
    "fields": {
      "sort_order": null,
      "collection": 3,
      "room": 61
    }
  },
  {
    "model": "room.collectionroom",
    "pk": 8,
    "fields": {
      "sort_order": null,
      "collection": 3,
      "room": 110
    }
  },
  {
    "model": "room.collection",
    "pk": 1,
    "fields": {
      "private_metadata": {},
      "metadata": {},
      "seo_title": null,
      "seo_description": null,
      "name": "Summer collection",
      "slug": "summer-collection",
      "background_image": "collection-backgrounds/summer_F5A4bVb.jpg",
      "background_image_alt": "",
      "description": "The Saleor Summer Collection features a range of rooms that feel the heat of the market. A demo store for all seasons. Saleor captures the open source, e-commerce sun.",
      "description_json": {
        "blocks": [{
            "data": {
                "text": "The Saleor Summer Collection features a range of rooms that feel the heat of the market. A demo store for all seasons. Saleor captures the open source, e-commerce sun."
            },
            "type": "paragraph"
        }]
      }
    }
  },
  {
    "model": "room.collection",
    "pk": 2,
    "fields": {
      "private_metadata": {},
      "metadata": {},
      "seo_title": null,
      "seo_description": null,
      "name": "Winter sale",
      "slug": "winter-sale",
      "background_image": "collection-backgrounds/clothing_R7nkNxS.jpg",
      "background_image_alt": "",
      "description": "The Saleor Winter Sale is snowed under with seasonal offers. Unreal rooms at unreal prices. Literally, they are not real rooms, but the Saleor demo store is a genuine e-commerce leader.",
      "description_json": {
        "blocks": [{
            "data": {
                "text": "The Saleor Winter Sale is snowed under with seasonal offers. Unreal rooms at unreal prices. Literally, they are not real rooms, but the Saleor demo store is a genuine e-commerce leader."
            },
            "type": "paragraph"
        }]
      }
    }
  },
  {
    "model": "room.collection",
    "pk": 3,
    "fields": {
      "private_metadata": {},
      "metadata": {},
      "seo_title": null,
      "seo_description": null,
      "name": "Featured Rooms",
      "slug": "featured-rooms",
      "background_image": "collection-backgrounds/clothing_R7nkNxS.jpg",
      "background_image_alt": "",
      "description": "Featured Rooms. Literally, they are not real rooms, but the Saleor demo store is a genuine e-commerce leader.",
      "description_json": {
        "blocks": [{
          "key": "",
          "data": {},
          "text": "Featured Rooms. Literally, they are not real rooms, but the Saleor demo store is a genuine e-commerce leader.",
          "type": "unstyled",
          "depth": 0,
          "entityRanges": [],
          "inlineStyleRanges": []
        }],
        "entityMap": {}
      }
    }
  },
  {
    "model": "room.collectionchannellisting",
    "pk": 1,
    "fields": {
      "publication_date": "2020-01-01",
      "is_published": true,
      "collection": 1,
      "channel": 1
    }
  },
  {
    "model": "room.collectionchannellisting",
    "pk": 2,
    "fields": {
      "publication_date": "2020-01-01",
      "is_published": true,
      "collection": 2,
      "channel": 1
    }
  },
  {
    "model": "room.collectionchannellisting",
    "pk": 3,
    "fields": {
      "publication_date": "2020-01-01",
      "is_published": true,
      "collection": 1,
      "channel": 2
    }
  },
  {
    "model": "room.collectionchannellisting",
    "pk": 4,
    "fields": {
      "publication_date": null,
      "is_published": false,
      "collection": 2,
      "channel": 2
    }
  },
  {
    "model": "room.collectionchannellisting",
    "pk": 5,
    "fields": {
      "publication_date": "2020-01-01",
      "is_published": true,
      "collection": 3,
      "channel": 1
    }
  },
  {
    "model": "room.collectionchannellisting",
    "pk": 6,
    "fields": {
      "publication_date": "2020-01-01",
      "is_published": true,
      "collection": 3,
      "channel": 2
    }
  }
]
